/home/lee/CLionProjects/cpim/cmake-build-debug/cpim
WARNING: Logging before InitGoogleLogging() is written to STDERR
I0724 22:33:36.953461 17068 XBuilder.cpp:44] current bm file: ../samples/bench/BMPath.xml
I0724 22:33:36.954738 17068 XBuilder.cpp:44] current bm file: /home/lee/benchmarks/composed-25-1-2/composed-25-1-2-2_ext.xml
--------------Variables--------------
size: 33	max domain size :10
0| V0: 0[0] 1[1] 2[2] 3[3] 4[4] 5[5] 6[6] 7[7] 8[8] 9[9] 
1| V1: 0[0] 1[1] 2[2] 3[3] 4[4] 5[5] 6[6] 7[7] 8[8] 9[9] 
2| V2: 0[0] 1[1] 2[2] 3[3] 4[4] 5[5] 6[6] 7[7] 8[8] 9[9] 
3| V3: 0[0] 1[1] 2[2] 3[3] 4[4] 5[5] 6[6] 7[7] 8[8] 9[9] 
4| V4: 0[0] 1[1] 2[2] 3[3] 4[4] 5[5] 6[6] 7[7] 8[8] 9[9] 
5| V5: 0[0] 1[1] 2[2] 3[3] 4[4] 5[5] 6[6] 7[7] 8[8] 9[9] 
6| V6: 0[0] 1[1] 2[2] 3[3] 4[4] 5[5] 6[6] 7[7] 8[8] 9[9] 
7| V7: 0[0] 1[1] 2[2] 3[3] 4[4] 5[5] 6[6] 7[7] 8[8] 9[9] 
8| V8: 0[0] 1[1] 2[2] 3[3] 4[4] 5[5] 6[6] 7[7] 8[8] 9[9] 
9| V9: 0[0] 1[1] 2[2] 3[3] 4[4] 5[5] 6[6] 7[7] 8[8] 9[9] 
10| V10: 0[0] 1[1] 2[2] 3[3] 4[4] 5[5] 6[6] 7[7] 8[8] 9[9] 
11| V11: 0[0] 1[1] 2[2] 3[3] 4[4] 5[5] 6[6] 7[7] 8[8] 9[9] 
12| V12: 0[0] 1[1] 2[2] 3[3] 4[4] 5[5] 6[6] 7[7] 8[8] 9[9] 
13| V13: 0[0] 1[1] 2[2] 3[3] 4[4] 5[5] 6[6] 7[7] 8[8] 9[9] 
14| V14: 0[0] 1[1] 2[2] 3[3] 4[4] 5[5] 6[6] 7[7] 8[8] 9[9] 
15| V15: 0[0] 1[1] 2[2] 3[3] 4[4] 5[5] 6[6] 7[7] 8[8] 9[9] 
16| V16: 0[0] 1[1] 2[2] 3[3] 4[4] 5[5] 6[6] 7[7] 8[8] 9[9] 
17| V17: 0[0] 1[1] 2[2] 3[3] 4[4] 5[5] 6[6] 7[7] 8[8] 9[9] 
18| V18: 0[0] 1[1] 2[2] 3[3] 4[4] 5[5] 6[6] 7[7] 8[8] 9[9] 
19| V19: 0[0] 1[1] 2[2] 3[3] 4[4] 5[5] 6[6] 7[7] 8[8] 9[9] 
20| V20: 0[0] 1[1] 2[2] 3[3] 4[4] 5[5] 6[6] 7[7] 8[8] 9[9] 
21| V21: 0[0] 1[1] 2[2] 3[3] 4[4] 5[5] 6[6] 7[7] 8[8] 9[9] 
22| V22: 0[0] 1[1] 2[2] 3[3] 4[4] 5[5] 6[6] 7[7] 8[8] 9[9] 
23| V23: 0[0] 1[1] 2[2] 3[3] 4[4] 5[5] 6[6] 7[7] 8[8] 9[9] 
24| V24: 0[0] 1[1] 2[2] 3[3] 4[4] 5[5] 6[6] 7[7] 8[8] 9[9] 
25| V25: 0[0] 1[1] 2[2] 3[3] 4[4] 5[5] 6[6] 7[7] 8[8] 9[9] 
26| V26: 0[0] 1[1] 2[2] 3[3] 4[4] 5[5] 6[6] 7[7] 8[8] 9[9] 
27| V27: 0[0] 1[1] 2[2] 3[3] 4[4] 5[5] 6[6] 7[7] 8[8] 9[9] 
28| V28: 0[0] 1[1] 2[2] 3[3] 4[4] 5[5] 6[6] 7[7] 8[8] 9[9] 
29| V29: 0[0] 1[1] 2[2] 3[3] 4[4] 5[5] 6[6] 7[7] 8[8] 9[9] 
30| V30: 0[0] 1[1] 2[2] 3[3] 4[4] 5[5] 6[6] 7[7] 8[8] 9[9] 
31| V31: 0[0] 1[1] 2[2] 3[3] 4[4] 5[5] 6[6] 7[7] 8[8] 9[9] 
32| V32: 0[0] 1[1] 2[2] 3[3] 4[4] 5[5] 6[6] 7[7] 8[8] 9[9] 
-------------Constraints-------------
size: 224	max arity size :2
id: 0 semantics: supports size: 85 arity:2 scope = {[0, 2]
( 0 0 )( 0 1 )( 0 2 )( 0 3 )( 0 4 )( 0 5 )( 0 6 )( 0 7 )( 0 8 )( 0 9 )( 1 0 )( 1 1 )( 1 2 )( 1 3 )( 1 4 )( 1 5 )( 1 6 )( 1 7 )( 1 8 )( 1 9 )( 2 0 )( 2 2 )( 2 3 )( 2 5 )( 2 6 )( 2 7 )( 2 8 )( 3 0 )( 3 2 )( 3 3 )( 3 4 )( 3 5 )( 3 6 )( 3 7 )( 3 8 )( 3 9 )( 4 0 )( 4 1 )( 4 3 )( 4 4 )( 4 6 )( 4 7 )( 4 8 )( 5 0 )( 5 1 )( 5 2 )( 5 3 )( 5 4 )( 5 5 )( 5 6 )( 5 7 )( 5 8 )( 5 9 )( 6 0 )( 6 3 )( 6 4 )( 6 7 )( 6 8 )( 6 9 )( 7 0 )( 7 1 )( 7 3 )( 7 4 )( 7 5 )( 7 6 )( 7 7 )( 7 8 )( 8 0 )( 8 1 )( 8 2 )( 8 3 )( 8 4 )( 8 5 )( 8 7 )( 8 8 )( 8 9 )( 9 1 )( 9 2 )( 9 3 )( 9 4 )( 9 5 )( 9 6 )( 9 7 )( 9 8 )( 9 9 )

id: 1 semantics: supports size: 85 arity:2 scope = {[0, 3]
( 0 0 )( 0 1 )( 0 2 )( 0 3 )( 0 4 )( 0 5 )( 0 6 )( 0 7 )( 0 8 )( 0 9 )( 1 1 )( 1 2 )( 1 3 )( 1 4 )( 1 5 )( 1 6 )( 1 7 )( 1 8 )( 2 0 )( 2 1 )( 2 4 )( 2 5 )( 2 6 )( 2 7 )( 2 8 )( 2 9 )( 3 0 )( 3 1 )( 3 2 )( 3 3 )( 3 5 )( 3 6 )( 3 7 )( 3 8 )( 3 9 )( 4 0 )( 4 1 )( 4 2 )( 4 3 )( 4 5 )( 4 6 )( 4 7 )( 4 9 )( 5 0 )( 5 1 )( 5 4 )( 5 5 )( 5 6 )( 5 8 )( 5 9 )( 6 0 )( 6 1 )( 6 2 )( 6 3 )( 6 5 )( 6 6 )( 6 7 )( 6 8 )( 6 9 )( 7 0 )( 7 1 )( 7 2 )( 7 3 )( 7 4 )( 7 5 )( 7 6 )( 7 7 )( 7 8 )( 7 9 )( 8 0 )( 8 1 )( 8 2 )( 8 3 )( 8 4 )( 8 6 )( 8 7 )( 8 8 )( 8 9 )( 9 0 )( 9 2 )( 9 3 )( 9 5 )( 9 7 )( 9 8 )( 9 9 )

id: 2 semantics: supports size: 85 arity:2 scope = {[0, 4]
( 0 0 )( 0 1 )( 0 2 )( 0 3 )( 0 5 )( 0 6 )( 0 7 )( 0 8 )( 0 9 )( 1 0 )( 1 2 )( 1 3 )( 1 4 )( 1 5 )( 1 6 )( 1 7 )( 1 8 )( 1 9 )( 2 1 )( 2 2 )( 2 3 )( 2 4 )( 2 5 )( 2 6 )( 2 7 )( 2 8 )( 2 9 )( 3 0 )( 3 1 )( 3 2 )( 3 3 )( 3 4 )( 3 5 )( 3 6 )( 3 7 )( 3 8 )( 3 9 )( 4 0 )( 4 1 )( 4 2 )( 4 4 )( 4 7 )( 4 8 )( 4 9 )( 5 0 )( 5 2 )( 5 3 )( 5 4 )( 5 6 )( 5 7 )( 5 8 )( 5 9 )( 6 0 )( 6 1 )( 6 4 )( 6 5 )( 6 6 )( 6 8 )( 6 9 )( 7 0 )( 7 3 )( 7 4 )( 7 5 )( 7 6 )( 7 7 )( 7 8 )( 7 9 )( 8 0 )( 8 1 )( 8 2 )( 8 3 )( 8 4 )( 8 6 )( 8 7 )( 8 8 )( 8 9 )( 9 0 )( 9 1 )( 9 2 )( 9 3 )( 9 4 )( 9 5 )( 9 6 )( 9 8 )( 9 9 )

id: 3 semantics: supports size: 85 arity:2 scope = {[0, 5]
( 0 0 )( 0 1 )( 0 2 )( 0 3 )( 0 4 )( 0 5 )( 0 7 )( 0 8 )( 1 1 )( 1 2 )( 1 3 )( 1 4 )( 1 5 )( 1 6 )( 1 7 )( 1 9 )( 2 0 )( 2 1 )( 2 3 )( 2 4 )( 2 5 )( 2 6 )( 2 7 )( 2 8 )( 2 9 )( 3 0 )( 3 1 )( 3 2 )( 3 3 )( 3 4 )( 3 5 )( 3 6 )( 3 7 )( 3 8 )( 3 9 )( 4 1 )( 4 2 )( 4 4 )( 4 5 )( 4 6 )( 4 8 )( 4 9 )( 5 0 )( 5 1 )( 5 2 )( 5 3 )( 5 4 )( 5 5 )( 5 6 )( 5 8 )( 5 9 )( 6 0 )( 6 1 )( 6 2 )( 6 3 )( 6 5 )( 6 6 )( 6 7 )( 6 8 )( 6 9 )( 7 0 )( 7 2 )( 7 3 )( 7 4 )( 7 5 )( 7 6 )( 7 7 )( 7 8 )( 8 0 )( 8 1 )( 8 2 )( 8 3 )( 8 4 )( 8 5 )( 8 6 )( 8 8 )( 8 9 )( 9 0 )( 9 2 )( 9 3 )( 9 4 )( 9 5 )( 9 6 )( 9 8 )( 9 9 )

id: 4 semantics: supports size: 85 arity:2 scope = {[0, 7]
( 0 0 )( 0 1 )( 0 2 )( 0 3 )( 0 4 )( 0 5 )( 0 6 )( 0 8 )( 0 9 )( 1 0 )( 1 1 )( 1 3 )( 1 4 )( 1 5 )( 1 6 )( 1 7 )( 1 8 )( 1 9 )( 2 0 )( 2 1 )( 2 3 )( 2 4 )( 2 5 )( 2 6 )( 2 8 )( 2 9 )( 3 0 )( 3 1 )( 3 2 )( 3 3 )( 3 4 )( 3 5 )( 3 6 )( 3 7 )( 3 8 )( 3 9 )( 4 0 )( 4 1 )( 4 2 )( 4 3 )( 4 4 )( 4 5 )( 4 6 )( 4 7 )( 4 8 )( 5 0 )( 5 1 )( 5 3 )( 5 4 )( 5 5 )( 5 7 )( 5 9 )( 6 0 )( 6 1 )( 6 2 )( 6 3 )( 6 4 )( 6 5 )( 6 8 )( 6 9 )( 7 0 )( 7 1 )( 7 2 )( 7 3 )( 7 4 )( 7 5 )( 7 6 )( 7 8 )( 7 9 )( 8 0 )( 8 1 )( 8 2 )( 8 3 )( 8 4 )( 8 5 )( 8 6 )( 8 8 )( 8 9 )( 9 0 )( 9 1 )( 9 3 )( 9 4 )( 9 6 )( 9 7 )( 9 9 )

id: 5 semantics: supports size: 85 arity:2 scope = {[0, 8]
( 0 0 )( 0 2 )( 0 3 )( 0 4 )( 0 5 )( 0 6 )( 0 7 )( 0 8 )( 0 9 )( 1 0 )( 1 1 )( 1 2 )( 1 3 )( 1 4 )( 1 5 )( 1 6 )( 1 7 )( 1 8 )( 2 1 )( 2 2 )( 2 3 )( 2 4 )( 2 6 )( 2 7 )( 3 0 )( 3 1 )( 3 2 )( 3 3 )( 3 7 )( 3 8 )( 3 9 )( 4 0 )( 4 1 )( 4 2 )( 4 3 )( 4 4 )( 4 5 )( 4 6 )( 4 7 )( 4 8 )( 4 9 )( 5 0 )( 5 2 )( 5 3 )( 5 4 )( 5 5 )( 5 6 )( 5 7 )( 5 8 )( 5 9 )( 6 0 )( 6 1 )( 6 3 )( 6 4 )( 6 5 )( 6 6 )( 6 7 )( 6 8 )( 6 9 )( 7 1 )( 7 2 )( 7 4 )( 7 5 )( 7 6 )( 7 7 )( 7 9 )( 8 0 )( 8 1 )( 8 2 )( 8 3 )( 8 4 )( 8 5 )( 8 6 )( 8 7 )( 8 8 )( 8 9 )( 9 1 )( 9 2 )( 9 3 )( 9 4 )( 9 5 )( 9 6 )( 9 7 )( 9 8 )( 9 9 )

id: 6 semantics: supports size: 85 arity:2 scope = {[0, 9]
( 0 0 )( 0 1 )( 0 3 )( 0 4 )( 0 5 )( 0 6 )( 0 7 )( 0 8 )( 0 9 )( 1 0 )( 1 1 )( 1 2 )( 1 3 )( 1 4 )( 1 5 )( 1 6 )( 1 7 )( 1 8 )( 1 9 )( 2 0 )( 2 2 )( 2 3 )( 2 5 )( 2 6 )( 2 7 )( 2 8 )( 2 9 )( 3 0 )( 3 1 )( 3 2 )( 3 4 )( 3 5 )( 3 6 )( 3 7 )( 3 8 )( 3 9 )( 4 0 )( 4 2 )( 4 3 )( 4 4 )( 4 5 )( 4 6 )( 4 7 )( 4 8 )( 4 9 )( 5 0 )( 5 1 )( 5 2 )( 5 3 )( 5 4 )( 5 5 )( 5 6 )( 5 8 )( 5 9 )( 6 0 )( 6 1 )( 6 2 )( 6 3 )( 6 4 )( 6 8 )( 6 9 )( 7 0 )( 7 1 )( 7 2 )( 7 3 )( 7 4 )( 7 6 )( 7 7 )( 7 8 )( 7 9 )( 8 1 )( 8 2 )( 8 3 )( 8 4 )( 8 6 )( 8 7 )( 8 9 )( 9 0 )( 9 1 )( 9 3 )( 9 4 )( 9 5 )( 9 7 )( 9 8 )( 9 9 )

id: 7 semantics: supports size: 85 arity:2 scope = {[0, 10]
( 0 3 )( 0 4 )( 0 5 )( 0 7 )( 0 8 )( 0 9 )( 1 0 )( 1 1 )( 1 2 )( 1 3 )( 1 4 )( 1 6 )( 1 8 )( 1 9 )( 2 0 )( 2 1 )( 2 2 )( 2 3 )( 2 4 )( 2 5 )( 2 6 )( 2 7 )( 2 8 )( 2 9 )( 3 0 )( 3 1 )( 3 4 )( 3 5 )( 3 6 )( 3 8 )( 3 9 )( 4 0 )( 4 1 )( 4 2 )( 4 3 )( 4 4 )( 4 5 )( 4 6 )( 4 7 )( 4 8 )( 4 9 )( 5 0 )( 5 1 )( 5 3 )( 5 4 )( 5 5 )( 5 6 )( 5 8 )( 5 9 )( 6 0 )( 6 1 )( 6 2 )( 6 3 )( 6 4 )( 6 5 )( 6 7 )( 6 8 )( 6 9 )( 7 0 )( 7 1 )( 7 3 )( 7 4 )( 7 5 )( 7 6 )( 7 7 )( 7 8 )( 7 9 )( 8 0 )( 8 1 )( 8 2 )( 8 4 )( 8 5 )( 8 6 )( 8 7 )( 8 8 )( 8 9 )( 9 0 )( 9 2 )( 9 3 )( 9 4 )( 9 5 )( 9 6 )( 9 7 )( 9 8 )( 9 9 )

id: 8 semantics: supports size: 85 arity:2 scope = {[0, 11]
( 0 0 )( 0 1 )( 0 2 )( 0 3 )( 0 4 )( 0 6 )( 0 7 )( 0 8 )( 1 1 )( 1 2 )( 1 3 )( 1 4 )( 1 5 )( 1 7 )( 1 8 )( 1 9 )( 2 0 )( 2 2 )( 2 4 )( 2 5 )( 2 6 )( 2 7 )( 2 8 )( 2 9 )( 3 0 )( 3 1 )( 3 2 )( 3 3 )( 3 4 )( 3 5 )( 3 6 )( 3 8 )( 3 9 )( 4 0 )( 4 1 )( 4 2 )( 4 3 )( 4 4 )( 4 5 )( 4 6 )( 4 7 )( 4 9 )( 5 0 )( 5 1 )( 5 2 )( 5 3 )( 5 4 )( 5 5 )( 5 6 )( 5 9 )( 6 0 )( 6 1 )( 6 2 )( 6 3 )( 6 4 )( 6 5 )( 6 6 )( 6 7 )( 6 8 )( 7 0 )( 7 1 )( 7 2 )( 7 3 )( 7 4 )( 7 5 )( 7 6 )( 7 8 )( 7 9 )( 8 0 )( 8 1 )( 8 3 )( 8 4 )( 8 6 )( 8 7 )( 8 8 )( 8 9 )( 9 0 )( 9 1 )( 9 2 )( 9 3 )( 9 4 )( 9 5 )( 9 6 )( 9 7 )( 9 8 )

id: 9 semantics: supports size: 85 arity:2 scope = {[0, 13]
( 0 0 )( 0 1 )( 0 2 )( 0 3 )( 0 4 )( 0 5 )( 0 6 )( 0 8 )( 0 9 )( 1 0 )( 1 1 )( 1 2 )( 1 4 )( 1 5 )( 1 6 )( 1 7 )( 1 8 )( 1 9 )( 2 0 )( 2 2 )( 2 4 )( 2 6 )( 2 7 )( 2 9 )( 3 0 )( 3 1 )( 3 2 )( 3 3 )( 3 4 )( 3 6 )( 3 9 )( 4 0 )( 4 1 )( 4 2 )( 4 3 )( 4 4 )( 4 6 )( 4 7 )( 4 8 )( 4 9 )( 5 0 )( 5 1 )( 5 2 )( 5 3 )( 5 4 )( 5 5 )( 5 8 )( 5 9 )( 6 0 )( 6 1 )( 6 2 )( 6 3 )( 6 4 )( 6 6 )( 6 7 )( 6 8 )( 6 9 )( 7 0 )( 7 1 )( 7 2 )( 7 3 )( 7 4 )( 7 5 )( 7 6 )( 7 7 )( 7 8 )( 7 9 )( 8 0 )( 8 1 )( 8 2 )( 8 4 )( 8 5 )( 8 6 )( 8 7 )( 8 8 )( 8 9 )( 9 0 )( 9 1 )( 9 2 )( 9 3 )( 9 4 )( 9 5 )( 9 6 )( 9 7 )( 9 8 )

id: 10 semantics: supports size: 85 arity:2 scope = {[0, 14]
( 0 0 )( 0 2 )( 0 4 )( 0 5 )( 0 6 )( 0 7 )( 0 8 )( 0 9 )( 1 0 )( 1 1 )( 1 2 )( 1 3 )( 1 4 )( 1 5 )( 1 6 )( 1 7 )( 1 8 )( 1 9 )( 2 0 )( 2 2 )( 2 3 )( 2 5 )( 2 6 )( 2 8 )( 2 9 )( 3 0 )( 3 1 )( 3 3 )( 3 4 )( 3 6 )( 3 7 )( 3 8 )( 3 9 )( 4 0 )( 4 1 )( 4 2 )( 4 3 )( 4 4 )( 4 5 )( 4 6 )( 4 7 )( 4 8 )( 4 9 )( 5 0 )( 5 1 )( 5 2 )( 5 3 )( 5 4 )( 5 5 )( 5 6 )( 5 8 )( 6 0 )( 6 1 )( 6 2 )( 6 3 )( 6 4 )( 6 5 )( 6 7 )( 6 8 )( 6 9 )( 7 0 )( 7 1 )( 7 2 )( 7 4 )( 7 5 )( 7 6 )( 7 7 )( 7 8 )( 7 9 )( 8 0 )( 8 1 )( 8 2 )( 8 4 )( 8 5 )( 8 6 )( 8 7 )( 8 8 )( 8 9 )( 9 1 )( 9 2 )( 9 3 )( 9 4 )( 9 7 )( 9 8 )( 9 9 )

id: 11 semantics: supports size: 85 arity:2 scope = {[0, 15]
( 0 1 )( 0 2 )( 0 3 )( 0 5 )( 0 6 )( 0 7 )( 0 8 )( 0 9 )( 1 0 )( 1 1 )( 1 2 )( 1 4 )( 1 5 )( 1 6 )( 1 7 )( 1 8 )( 1 9 )( 2 0 )( 2 1 )( 2 2 )( 2 3 )( 2 4 )( 2 5 )( 2 6 )( 2 7 )( 2 8 )( 2 9 )( 3 0 )( 3 1 )( 3 3 )( 3 4 )( 3 5 )( 3 6 )( 3 7 )( 3 8 )( 3 9 )( 4 0 )( 4 1 )( 4 2 )( 4 3 )( 4 4 )( 4 5 )( 4 6 )( 4 7 )( 4 8 )( 4 9 )( 5 1 )( 5 2 )( 5 3 )( 5 4 )( 5 5 )( 5 6 )( 5 7 )( 5 8 )( 5 9 )( 6 0 )( 6 1 )( 6 2 )( 6 3 )( 6 4 )( 6 5 )( 6 6 )( 6 9 )( 7 0 )( 7 2 )( 7 3 )( 7 4 )( 7 5 )( 7 6 )( 7 7 )( 7 8 )( 8 0 )( 8 1 )( 8 2 )( 8 3 )( 8 4 )( 8 6 )( 8 7 )( 8 9 )( 9 0 )( 9 2 )( 9 4 )( 9 6 )( 9 7 )( 9 8 )

id: 12 semantics: supports size: 85 arity:2 scope = {[0, 18]
( 0 0 )( 0 1 )( 0 2 )( 0 3 )( 0 4 )( 0 6 )( 0 8 )( 1 0 )( 1 1 )( 1 2 )( 1 3 )( 1 4 )( 1 6 )( 1 7 )( 1 9 )( 2 0 )( 2 1 )( 2 2 )( 2 3 )( 2 5 )( 2 6 )( 2 7 )( 2 8 )( 2 9 )( 3 0 )( 3 1 )( 3 2 )( 3 3 )( 3 4 )( 3 5 )( 3 6 )( 3 7 )( 3 9 )( 4 0 )( 4 1 )( 4 3 )( 4 4 )( 4 5 )( 4 6 )( 4 7 )( 4 9 )( 5 0 )( 5 1 )( 5 2 )( 5 3 )( 5 4 )( 5 7 )( 5 8 )( 5 9 )( 6 3 )( 6 4 )( 6 5 )( 6 7 )( 6 8 )( 6 9 )( 7 0 )( 7 1 )( 7 2 )( 7 3 )( 7 4 )( 7 5 )( 7 6 )( 7 7 )( 7 8 )( 7 9 )( 8 0 )( 8 1 )( 8 2 )( 8 3 )( 8 4 )( 8 5 )( 8 6 )( 8 7 )( 8 8 )( 8 9 )( 9 0 )( 9 1 )( 9 2 )( 9 3 )( 9 4 )( 9 5 )( 9 6 )( 9 7 )( 9 8 )( 9 9 )

id: 13 semantics: supports size: 85 arity:2 scope = {[0, 19]
( 0 0 )( 0 1 )( 0 3 )( 0 4 )( 0 5 )( 0 6 )( 0 7 )( 0 9 )( 1 0 )( 1 1 )( 1 2 )( 1 3 )( 1 4 )( 1 5 )( 1 6 )( 1 7 )( 1 8 )( 1 9 )( 2 0 )( 2 2 )( 2 3 )( 2 8 )( 2 9 )( 3 0 )( 3 1 )( 3 2 )( 3 3 )( 3 4 )( 3 5 )( 3 6 )( 3 7 )( 3 8 )( 4 0 )( 4 1 )( 4 2 )( 4 3 )( 4 4 )( 4 5 )( 4 6 )( 4 7 )( 4 9 )( 5 0 )( 5 1 )( 5 2 )( 5 3 )( 5 4 )( 5 5 )( 5 6 )( 5 7 )( 5 8 )( 5 9 )( 6 0 )( 6 1 )( 6 2 )( 6 3 )( 6 5 )( 6 8 )( 6 9 )( 7 0 )( 7 1 )( 7 2 )( 7 3 )( 7 4 )( 7 5 )( 7 6 )( 7 7 )( 7 8 )( 7 9 )( 8 0 )( 8 1 )( 8 2 )( 8 3 )( 8 4 )( 8 5 )( 8 6 )( 8 8 )( 8 9 )( 9 0 )( 9 1 )( 9 3 )( 9 4 )( 9 5 )( 9 6 )( 9 7 )( 9 9 )

id: 14 semantics: supports size: 85 arity:2 scope = {[0, 20]
( 0 0 )( 0 2 )( 0 3 )( 0 4 )( 0 6 )( 0 7 )( 1 0 )( 1 1 )( 1 2 )( 1 3 )( 1 4 )( 1 5 )( 1 6 )( 1 8 )( 1 9 )( 2 0 )( 2 1 )( 2 2 )( 2 3 )( 2 4 )( 2 5 )( 2 6 )( 2 7 )( 2 8 )( 2 9 )( 3 0 )( 3 1 )( 3 2 )( 3 3 )( 3 4 )( 3 5 )( 3 6 )( 3 7 )( 3 8 )( 3 9 )( 4 2 )( 4 3 )( 4 4 )( 4 5 )( 4 6 )( 4 7 )( 4 8 )( 4 9 )( 5 2 )( 5 3 )( 5 5 )( 5 6 )( 5 7 )( 5 8 )( 5 9 )( 6 0 )( 6 1 )( 6 2 )( 6 3 )( 6 4 )( 6 5 )( 6 6 )( 6 7 )( 6 9 )( 7 0 )( 7 2 )( 7 3 )( 7 5 )( 7 6 )( 7 7 )( 7 8 )( 7 9 )( 8 0 )( 8 1 )( 8 2 )( 8 4 )( 8 5 )( 8 6 )( 8 7 )( 8 8 )( 8 9 )( 9 0 )( 9 1 )( 9 2 )( 9 3 )( 9 5 )( 9 6 )( 9 7 )( 9 8 )( 9 9 )

id: 15 semantics: supports size: 85 arity:2 scope = {[0, 21]
( 0 0 )( 0 1 )( 0 2 )( 0 3 )( 0 4 )( 0 6 )( 0 7 )( 0 8 )( 0 9 )( 1 0 )( 1 1 )( 1 2 )( 1 5 )( 1 6 )( 1 7 )( 1 9 )( 2 0 )( 2 2 )( 2 3 )( 2 4 )( 2 5 )( 2 6 )( 2 7 )( 2 8 )( 2 9 )( 3 0 )( 3 1 )( 3 2 )( 3 3 )( 3 4 )( 3 6 )( 3 7 )( 3 8 )( 3 9 )( 4 0 )( 4 1 )( 4 2 )( 4 3 )( 4 4 )( 4 6 )( 4 7 )( 4 8 )( 4 9 )( 5 0 )( 5 1 )( 5 2 )( 5 3 )( 5 4 )( 5 6 )( 5 7 )( 5 8 )( 5 9 )( 6 1 )( 6 2 )( 6 3 )( 6 6 )( 6 7 )( 6 8 )( 6 9 )( 7 0 )( 7 1 )( 7 2 )( 7 4 )( 7 5 )( 7 6 )( 7 7 )( 7 8 )( 8 0 )( 8 1 )( 8 3 )( 8 4 )( 8 6 )( 8 7 )( 8 8 )( 8 9 )( 9 0 )( 9 1 )( 9 2 )( 9 3 )( 9 4 )( 9 5 )( 9 6 )( 9 7 )( 9 8 )( 9 9 )

id: 16 semantics: supports size: 85 arity:2 scope = {[0, 24]
( 0 0 )( 0 1 )( 0 2 )( 0 3 )( 0 4 )( 0 5 )( 0 6 )( 0 8 )( 1 0 )( 1 1 )( 1 2 )( 1 3 )( 1 4 )( 1 5 )( 1 6 )( 1 7 )( 1 8 )( 1 9 )( 2 0 )( 2 1 )( 2 3 )( 2 4 )( 2 5 )( 2 6 )( 2 7 )( 2 9 )( 3 0 )( 3 1 )( 3 2 )( 3 3 )( 3 4 )( 3 5 )( 3 7 )( 3 8 )( 3 9 )( 4 0 )( 4 1 )( 4 2 )( 4 3 )( 4 5 )( 4 6 )( 4 7 )( 4 9 )( 5 0 )( 5 2 )( 5 3 )( 5 5 )( 5 6 )( 5 7 )( 5 8 )( 5 9 )( 6 0 )( 6 1 )( 6 2 )( 6 5 )( 6 6 )( 6 7 )( 6 8 )( 6 9 )( 7 0 )( 7 1 )( 7 2 )( 7 4 )( 7 5 )( 7 6 )( 7 7 )( 7 8 )( 8 0 )( 8 1 )( 8 2 )( 8 3 )( 8 4 )( 8 5 )( 8 6 )( 8 7 )( 8 8 )( 8 9 )( 9 0 )( 9 1 )( 9 2 )( 9 3 )( 9 4 )( 9 6 )( 9 8 )( 9 9 )

id: 17 semantics: supports size: 85 arity:2 scope = {[1, 2]
( 0 0 )( 0 3 )( 0 4 )( 0 5 )( 0 6 )( 0 7 )( 0 8 )( 0 9 )( 1 0 )( 1 1 )( 1 2 )( 1 3 )( 1 4 )( 1 5 )( 1 6 )( 1 7 )( 1 9 )( 2 0 )( 2 1 )( 2 2 )( 2 3 )( 2 4 )( 2 5 )( 2 6 )( 2 7 )( 2 8 )( 2 9 )( 3 0 )( 3 2 )( 3 3 )( 3 5 )( 3 6 )( 3 7 )( 3 8 )( 4 0 )( 4 1 )( 4 3 )( 4 4 )( 4 5 )( 4 6 )( 4 7 )( 4 8 )( 4 9 )( 5 0 )( 5 2 )( 5 3 )( 5 4 )( 5 5 )( 5 6 )( 5 7 )( 5 8 )( 5 9 )( 6 0 )( 6 1 )( 6 2 )( 6 3 )( 6 4 )( 6 5 )( 6 6 )( 6 7 )( 6 8 )( 6 9 )( 7 0 )( 7 1 )( 7 2 )( 7 4 )( 7 5 )( 7 7 )( 7 8 )( 7 9 )( 8 0 )( 8 1 )( 8 2 )( 8 4 )( 8 5 )( 8 6 )( 8 7 )( 8 9 )( 9 0 )( 9 2 )( 9 3 )( 9 5 )( 9 7 )( 9 8 )( 9 9 )

id: 18 semantics: supports size: 85 arity:2 scope = {[1, 4]
( 0 0 )( 0 1 )( 0 2 )( 0 3 )( 0 4 )( 0 5 )( 0 6 )( 0 7 )( 0 8 )( 0 9 )( 1 0 )( 1 1 )( 1 2 )( 1 3 )( 1 4 )( 1 5 )( 1 9 )( 2 0 )( 2 1 )( 2 2 )( 2 3 )( 2 5 )( 2 6 )( 2 8 )( 2 9 )( 3 0 )( 3 1 )( 3 3 )( 3 4 )( 3 5 )( 3 6 )( 3 7 )( 3 8 )( 3 9 )( 4 1 )( 4 2 )( 4 3 )( 4 4 )( 4 5 )( 4 6 )( 4 7 )( 4 8 )( 4 9 )( 5 0 )( 5 1 )( 5 2 )( 5 4 )( 5 5 )( 5 6 )( 5 8 )( 6 0 )( 6 1 )( 6 2 )( 6 5 )( 6 6 )( 6 7 )( 6 9 )( 7 0 )( 7 1 )( 7 2 )( 7 4 )( 7 5 )( 7 6 )( 7 7 )( 7 8 )( 7 9 )( 8 0 )( 8 1 )( 8 2 )( 8 3 )( 8 4 )( 8 5 )( 8 6 )( 8 7 )( 8 8 )( 8 9 )( 9 0 )( 9 1 )( 9 2 )( 9 3 )( 9 4 )( 9 6 )( 9 7 )( 9 8 )( 9 9 )

id: 19 semantics: supports size: 85 arity:2 scope = {[1, 5]
( 0 0 )( 0 1 )( 0 2 )( 0 3 )( 0 4 )( 0 5 )( 0 6 )( 0 7 )( 0 8 )( 0 9 )( 1 1 )( 1 2 )( 1 3 )( 1 4 )( 1 5 )( 1 6 )( 1 8 )( 1 9 )( 2 0 )( 2 1 )( 2 2 )( 2 3 )( 2 5 )( 2 8 )( 2 9 )( 3 0 )( 3 1 )( 3 2 )( 3 3 )( 3 4 )( 3 5 )( 3 6 )( 3 7 )( 3 9 )( 4 1 )( 4 2 )( 4 3 )( 4 4 )( 4 5 )( 4 6 )( 4 7 )( 5 0 )( 5 2 )( 5 3 )( 5 4 )( 5 5 )( 5 6 )( 5 7 )( 5 8 )( 5 9 )( 6 0 )( 6 1 )( 6 3 )( 6 5 )( 6 6 )( 6 7 )( 6 8 )( 6 9 )( 7 0 )( 7 1 )( 7 2 )( 7 3 )( 7 4 )( 7 5 )( 7 6 )( 7 7 )( 7 8 )( 7 9 )( 8 0 )( 8 2 )( 8 3 )( 8 6 )( 8 7 )( 8 8 )( 8 9 )( 9 0 )( 9 1 )( 9 2 )( 9 3 )( 9 4 )( 9 5 )( 9 6 )( 9 7 )( 9 8 )( 9 9 )

id: 20 semantics: supports size: 85 arity:2 scope = {[1, 6]
( 0 1 )( 0 3 )( 0 4 )( 0 5 )( 0 6 )( 0 7 )( 0 8 )( 0 9 )( 1 0 )( 1 1 )( 1 2 )( 1 3 )( 1 4 )( 1 5 )( 1 6 )( 1 8 )( 1 9 )( 2 0 )( 2 1 )( 2 2 )( 2 3 )( 2 5 )( 2 6 )( 2 7 )( 2 8 )( 2 9 )( 3 0 )( 3 1 )( 3 2 )( 3 3 )( 3 4 )( 3 5 )( 3 7 )( 3 8 )( 3 9 )( 4 0 )( 4 1 )( 4 2 )( 4 4 )( 4 5 )( 4 6 )( 4 7 )( 4 8 )( 4 9 )( 5 0 )( 5 1 )( 5 3 )( 5 5 )( 5 6 )( 5 7 )( 5 8 )( 5 9 )( 6 0 )( 6 1 )( 6 2 )( 6 3 )( 6 4 )( 6 6 )( 6 7 )( 7 1 )( 7 2 )( 7 3 )( 7 4 )( 7 5 )( 7 7 )( 7 8 )( 7 9 )( 8 0 )( 8 1 )( 8 2 )( 8 3 )( 8 4 )( 8 6 )( 8 7 )( 8 8 )( 8 9 )( 9 0 )( 9 1 )( 9 2 )( 9 3 )( 9 4 )( 9 5 )( 9 6 )( 9 7 )( 9 9 )

id: 21 semantics: supports size: 85 arity:2 scope = {[1, 9]
( 0 0 )( 0 3 )( 0 5 )( 0 6 )( 0 8 )( 1 0 )( 1 1 )( 1 2 )( 1 3 )( 1 4 )( 1 5 )( 1 6 )( 1 7 )( 1 8 )( 1 9 )( 2 0 )( 2 1 )( 2 2 )( 2 3 )( 2 4 )( 2 5 )( 2 6 )( 2 7 )( 2 9 )( 3 0 )( 3 1 )( 3 2 )( 3 3 )( 3 4 )( 3 5 )( 3 6 )( 3 7 )( 3 8 )( 3 9 )( 4 0 )( 4 1 )( 4 2 )( 4 3 )( 4 4 )( 4 5 )( 4 6 )( 4 7 )( 4 9 )( 5 0 )( 5 1 )( 5 3 )( 5 4 )( 5 5 )( 5 6 )( 5 8 )( 5 9 )( 6 0 )( 6 1 )( 6 2 )( 6 3 )( 6 4 )( 6 5 )( 6 6 )( 6 7 )( 6 8 )( 6 9 )( 7 0 )( 7 1 )( 7 2 )( 7 3 )( 7 4 )( 7 5 )( 7 6 )( 7 7 )( 7 8 )( 7 9 )( 8 0 )( 8 1 )( 8 4 )( 8 6 )( 8 8 )( 8 9 )( 9 0 )( 9 2 )( 9 3 )( 9 4 )( 9 5 )( 9 6 )( 9 7 )( 9 8 )

id: 22 semantics: supports size: 85 arity:2 scope = {[1, 11]
( 0 1 )( 0 2 )( 0 3 )( 0 4 )( 0 5 )( 0 7 )( 0 8 )( 1 0 )( 1 1 )( 1 3 )( 1 4 )( 1 5 )( 1 6 )( 1 7 )( 1 9 )( 2 0 )( 2 1 )( 2 2 )( 2 3 )( 2 4 )( 2 5 )( 2 6 )( 2 7 )( 2 8 )( 2 9 )( 3 0 )( 3 1 )( 3 2 )( 3 4 )( 3 6 )( 3 7 )( 3 8 )( 3 9 )( 4 0 )( 4 1 )( 4 4 )( 4 5 )( 4 6 )( 4 7 )( 4 8 )( 4 9 )( 5 0 )( 5 1 )( 5 2 )( 5 3 )( 5 4 )( 5 5 )( 5 7 )( 5 8 )( 5 9 )( 6 0 )( 6 1 )( 6 2 )( 6 4 )( 6 5 )( 6 6 )( 6 7 )( 6 8 )( 6 9 )( 7 0 )( 7 1 )( 7 3 )( 7 5 )( 7 6 )( 7 7 )( 7 8 )( 7 9 )( 8 0 )( 8 1 )( 8 2 )( 8 3 )( 8 4 )( 8 5 )( 8 6 )( 8 7 )( 8 8 )( 8 9 )( 9 0 )( 9 1 )( 9 2 )( 9 3 )( 9 5 )( 9 6 )( 9 7 )( 9 9 )

id: 23 semantics: supports size: 85 arity:2 scope = {[1, 13]
( 0 0 )( 0 1 )( 0 2 )( 0 3 )( 0 4 )( 0 5 )( 0 6 )( 0 8 )( 0 9 )( 1 1 )( 1 2 )( 1 3 )( 1 4 )( 1 5 )( 1 6 )( 1 7 )( 1 8 )( 1 9 )( 2 0 )( 2 1 )( 2 2 )( 2 3 )( 2 4 )( 2 5 )( 2 6 )( 2 7 )( 2 8 )( 2 9 )( 3 0 )( 3 1 )( 3 2 )( 3 3 )( 3 4 )( 3 5 )( 3 7 )( 3 8 )( 3 9 )( 4 0 )( 4 1 )( 4 2 )( 4 3 )( 4 4 )( 4 5 )( 4 6 )( 4 7 )( 4 8 )( 5 0 )( 5 1 )( 5 2 )( 5 4 )( 5 5 )( 5 6 )( 5 8 )( 5 9 )( 6 0 )( 6 1 )( 6 2 )( 6 3 )( 6 4 )( 6 7 )( 6 8 )( 6 9 )( 7 0 )( 7 1 )( 7 2 )( 7 3 )( 7 5 )( 7 8 )( 7 9 )( 8 0 )( 8 1 )( 8 2 )( 8 3 )( 8 4 )( 8 5 )( 8 6 )( 8 8 )( 8 9 )( 9 0 )( 9 1 )( 9 2 )( 9 3 )( 9 4 )( 9 8 )( 9 9 )

id: 24 semantics: supports size: 85 arity:2 scope = {[1, 15]
( 0 1 )( 0 3 )( 0 4 )( 0 6 )( 0 8 )( 0 9 )( 1 1 )( 1 2 )( 1 3 )( 1 4 )( 1 5 )( 1 6 )( 1 7 )( 1 8 )( 1 9 )( 2 0 )( 2 1 )( 2 2 )( 2 3 )( 2 5 )( 2 7 )( 2 8 )( 2 9 )( 3 1 )( 3 2 )( 3 3 )( 3 4 )( 3 5 )( 3 6 )( 3 7 )( 3 8 )( 3 9 )( 4 0 )( 4 1 )( 4 2 )( 4 3 )( 4 4 )( 4 5 )( 4 7 )( 4 8 )( 4 9 )( 5 0 )( 5 1 )( 5 2 )( 5 3 )( 5 4 )( 5 5 )( 5 6 )( 5 7 )( 5 8 )( 5 9 )( 6 0 )( 6 1 )( 6 2 )( 6 3 )( 6 4 )( 6 5 )( 6 6 )( 6 7 )( 6 8 )( 6 9 )( 7 0 )( 7 1 )( 7 2 )( 7 3 )( 7 4 )( 7 5 )( 7 6 )( 7 7 )( 7 9 )( 8 0 )( 8 2 )( 8 4 )( 8 5 )( 8 6 )( 8 7 )( 8 8 )( 8 9 )( 9 0 )( 9 1 )( 9 5 )( 9 6 )( 9 7 )( 9 8 )( 9 9 )

id: 25 semantics: supports size: 85 arity:2 scope = {[1, 16]
( 0 0 )( 0 1 )( 0 2 )( 0 3 )( 0 5 )( 0 6 )( 0 7 )( 0 8 )( 0 9 )( 1 1 )( 1 2 )( 1 3 )( 1 4 )( 1 6 )( 1 7 )( 1 8 )( 1 9 )( 2 0 )( 2 1 )( 2 2 )( 2 3 )( 2 5 )( 2 6 )( 2 7 )( 2 8 )( 2 9 )( 3 0 )( 3 1 )( 3 2 )( 3 3 )( 3 4 )( 3 5 )( 3 6 )( 3 7 )( 3 8 )( 3 9 )( 4 0 )( 4 1 )( 4 3 )( 4 4 )( 4 5 )( 4 6 )( 4 8 )( 4 9 )( 5 1 )( 5 2 )( 5 3 )( 5 4 )( 5 5 )( 5 6 )( 5 7 )( 5 9 )( 6 0 )( 6 1 )( 6 2 )( 6 3 )( 6 4 )( 6 5 )( 6 7 )( 6 8 )( 7 0 )( 7 1 )( 7 3 )( 7 4 )( 7 6 )( 7 7 )( 7 8 )( 7 9 )( 8 0 )( 8 1 )( 8 2 )( 8 3 )( 8 4 )( 8 5 )( 8 6 )( 8 7 )( 8 9 )( 9 0 )( 9 1 )( 9 2 )( 9 3 )( 9 4 )( 9 5 )( 9 6 )( 9 8 )

id: 26 semantics: supports size: 85 arity:2 scope = {[1, 18]
( 0 0 )( 0 1 )( 0 2 )( 0 3 )( 0 4 )( 0 5 )( 0 6 )( 0 7 )( 0 8 )( 0 9 )( 1 0 )( 1 2 )( 1 4 )( 1 5 )( 1 7 )( 1 8 )( 1 9 )( 2 0 )( 2 1 )( 2 2 )( 2 3 )( 2 4 )( 2 6 )( 2 7 )( 2 8 )( 2 9 )( 3 0 )( 3 1 )( 3 2 )( 3 3 )( 3 4 )( 3 5 )( 3 6 )( 3 7 )( 3 8 )( 3 9 )( 4 0 )( 4 1 )( 4 2 )( 4 3 )( 4 4 )( 4 5 )( 4 6 )( 4 7 )( 4 8 )( 4 9 )( 5 1 )( 5 2 )( 5 3 )( 5 5 )( 5 6 )( 5 7 )( 5 8 )( 5 9 )( 6 0 )( 6 1 )( 6 2 )( 6 4 )( 6 5 )( 6 6 )( 6 7 )( 6 9 )( 7 0 )( 7 1 )( 7 3 )( 7 4 )( 7 6 )( 7 7 )( 7 9 )( 8 1 )( 8 2 )( 8 3 )( 8 4 )( 8 5 )( 8 6 )( 8 7 )( 8 9 )( 9 0 )( 9 1 )( 9 2 )( 9 3 )( 9 4 )( 9 5 )( 9 6 )( 9 7 )

id: 27 semantics: supports size: 85 arity:2 scope = {[1, 19]
( 0 0 )( 0 1 )( 0 2 )( 0 3 )( 0 4 )( 0 5 )( 0 6 )( 0 7 )( 0 8 )( 0 9 )( 1 1 )( 1 2 )( 1 3 )( 1 4 )( 1 5 )( 1 6 )( 1 7 )( 1 8 )( 1 9 )( 2 0 )( 2 1 )( 2 2 )( 2 3 )( 2 4 )( 2 6 )( 2 7 )( 2 8 )( 2 9 )( 3 1 )( 3 3 )( 3 4 )( 3 5 )( 3 6 )( 3 7 )( 3 8 )( 3 9 )( 4 0 )( 4 1 )( 4 2 )( 4 3 )( 4 4 )( 4 5 )( 4 6 )( 4 7 )( 4 8 )( 5 0 )( 5 1 )( 5 3 )( 5 5 )( 5 6 )( 5 7 )( 5 8 )( 5 9 )( 6 0 )( 6 1 )( 6 2 )( 6 3 )( 6 4 )( 6 5 )( 6 8 )( 6 9 )( 7 2 )( 7 3 )( 7 4 )( 7 5 )( 7 6 )( 7 7 )( 7 9 )( 8 0 )( 8 1 )( 8 2 )( 8 4 )( 8 5 )( 8 6 )( 8 7 )( 8 8 )( 8 9 )( 9 0 )( 9 1 )( 9 2 )( 9 3 )( 9 4 )( 9 7 )( 9 8 )( 9 9 )

id: 28 semantics: supports size: 85 arity:2 scope = {[1, 20]
( 0 3 )( 0 4 )( 0 5 )( 0 6 )( 0 8 )( 0 9 )( 1 2 )( 1 3 )( 1 5 )( 1 6 )( 1 8 )( 1 9 )( 2 0 )( 2 1 )( 2 2 )( 2 3 )( 2 4 )( 2 5 )( 2 6 )( 2 7 )( 2 8 )( 2 9 )( 3 0 )( 3 1 )( 3 2 )( 3 3 )( 3 4 )( 3 5 )( 3 7 )( 3 8 )( 3 9 )( 4 0 )( 4 1 )( 4 2 )( 4 5 )( 4 6 )( 4 7 )( 4 8 )( 4 9 )( 5 0 )( 5 1 )( 5 3 )( 5 4 )( 5 5 )( 5 6 )( 5 7 )( 5 8 )( 5 9 )( 6 0 )( 6 1 )( 6 2 )( 6 3 )( 6 4 )( 6 5 )( 6 6 )( 6 7 )( 6 8 )( 6 9 )( 7 0 )( 7 1 )( 7 2 )( 7 4 )( 7 5 )( 7 7 )( 7 8 )( 7 9 )( 8 1 )( 8 2 )( 8 3 )( 8 4 )( 8 5 )( 8 6 )( 8 7 )( 8 8 )( 8 9 )( 9 0 )( 9 1 )( 9 2 )( 9 3 )( 9 4 )( 9 5 )( 9 6 )( 9 7 )( 9 8 )( 9 9 )

id: 29 semantics: supports size: 85 arity:2 scope = {[1, 21]
( 0 0 )( 0 1 )( 0 2 )( 0 3 )( 0 4 )( 0 5 )( 0 6 )( 0 7 )( 0 8 )( 0 9 )( 1 0 )( 1 1 )( 1 3 )( 1 4 )( 1 5 )( 1 6 )( 1 7 )( 1 8 )( 1 9 )( 2 2 )( 2 3 )( 2 4 )( 2 5 )( 2 6 )( 2 7 )( 2 8 )( 3 0 )( 3 1 )( 3 2 )( 3 3 )( 3 5 )( 3 6 )( 3 7 )( 3 8 )( 4 0 )( 4 1 )( 4 3 )( 4 4 )( 4 5 )( 4 6 )( 4 9 )( 5 0 )( 5 1 )( 5 3 )( 5 4 )( 5 5 )( 5 6 )( 5 7 )( 5 8 )( 5 9 )( 6 0 )( 6 1 )( 6 2 )( 6 3 )( 6 4 )( 6 6 )( 6 7 )( 6 8 )( 6 9 )( 7 0 )( 7 1 )( 7 2 )( 7 3 )( 7 4 )( 7 5 )( 7 6 )( 7 7 )( 7 9 )( 8 0 )( 8 2 )( 8 3 )( 8 4 )( 8 6 )( 8 7 )( 8 8 )( 8 9 )( 9 0 )( 9 1 )( 9 2 )( 9 4 )( 9 5 )( 9 6 )( 9 7 )( 9 8 )( 9 9 )

id: 30 semantics: supports size: 85 arity:2 scope = {[2, 3]
( 0 0 )( 0 1 )( 0 2 )( 0 3 )( 0 4 )( 0 6 )( 0 8 )( 1 0 )( 1 1 )( 1 2 )( 1 3 )( 1 4 )( 1 5 )( 1 6 )( 1 7 )( 1 8 )( 1 9 )( 2 0 )( 2 1 )( 2 3 )( 2 4 )( 2 5 )( 2 6 )( 2 8 )( 3 0 )( 3 1 )( 3 2 )( 3 3 )( 3 4 )( 3 5 )( 3 6 )( 3 7 )( 3 8 )( 3 9 )( 4 0 )( 4 1 )( 4 2 )( 4 3 )( 4 4 )( 4 5 )( 4 6 )( 4 7 )( 4 8 )( 4 9 )( 5 0 )( 5 2 )( 5 3 )( 5 4 )( 5 5 )( 5 6 )( 5 7 )( 5 8 )( 5 9 )( 6 0 )( 6 1 )( 6 2 )( 6 3 )( 6 4 )( 6 5 )( 6 7 )( 6 9 )( 7 0 )( 7 1 )( 7 2 )( 7 3 )( 7 5 )( 7 6 )( 7 7 )( 7 8 )( 7 9 )( 8 0 )( 8 1 )( 8 2 )( 8 3 )( 8 5 )( 8 6 )( 8 7 )( 8 8 )( 8 9 )( 9 0 )( 9 1 )( 9 2 )( 9 3 )( 9 6 )( 9 7 )

id: 31 semantics: supports size: 85 arity:2 scope = {[2, 4]
( 0 0 )( 0 3 )( 0 5 )( 0 6 )( 0 7 )( 0 8 )( 0 9 )( 1 0 )( 1 1 )( 1 2 )( 1 3 )( 1 5 )( 1 6 )( 1 7 )( 1 8 )( 1 9 )( 2 1 )( 2 2 )( 2 3 )( 2 4 )( 2 6 )( 2 7 )( 2 8 )( 3 0 )( 3 1 )( 3 3 )( 3 4 )( 3 5 )( 3 6 )( 3 7 )( 3 8 )( 3 9 )( 4 0 )( 4 1 )( 4 2 )( 4 3 )( 4 4 )( 4 5 )( 4 6 )( 4 7 )( 4 8 )( 4 9 )( 5 0 )( 5 1 )( 5 2 )( 5 3 )( 5 6 )( 5 7 )( 5 8 )( 5 9 )( 6 0 )( 6 1 )( 6 3 )( 6 4 )( 6 5 )( 6 7 )( 6 8 )( 6 9 )( 7 0 )( 7 1 )( 7 2 )( 7 3 )( 7 4 )( 7 5 )( 7 6 )( 7 7 )( 7 8 )( 7 9 )( 8 1 )( 8 2 )( 8 3 )( 8 6 )( 8 7 )( 8 8 )( 8 9 )( 9 0 )( 9 1 )( 9 2 )( 9 3 )( 9 4 )( 9 5 )( 9 6 )( 9 7 )( 9 8 )( 9 9 )

id: 32 semantics: supports size: 85 arity:2 scope = {[2, 5]
( 0 0 )( 0 1 )( 0 2 )( 0 4 )( 0 5 )( 0 6 )( 0 7 )( 0 8 )( 1 0 )( 1 1 )( 1 2 )( 1 3 )( 1 4 )( 1 5 )( 1 6 )( 1 7 )( 1 8 )( 1 9 )( 2 0 )( 2 3 )( 2 4 )( 2 5 )( 2 6 )( 2 7 )( 2 8 )( 2 9 )( 3 0 )( 3 1 )( 3 2 )( 3 3 )( 3 6 )( 3 9 )( 4 0 )( 4 1 )( 4 3 )( 4 5 )( 4 6 )( 4 7 )( 4 9 )( 5 0 )( 5 1 )( 5 2 )( 5 3 )( 5 4 )( 5 5 )( 5 6 )( 5 7 )( 5 8 )( 5 9 )( 6 0 )( 6 1 )( 6 3 )( 6 4 )( 6 6 )( 6 7 )( 6 8 )( 6 9 )( 7 2 )( 7 3 )( 7 4 )( 7 5 )( 7 6 )( 7 7 )( 7 8 )( 7 9 )( 8 0 )( 8 1 )( 8 2 )( 8 3 )( 8 4 )( 8 5 )( 8 6 )( 8 7 )( 8 8 )( 8 9 )( 9 0 )( 9 1 )( 9 2 )( 9 3 )( 9 4 )( 9 5 )( 9 6 )( 9 7 )( 9 8 )( 9 9 )

id: 33 semantics: supports size: 85 arity:2 scope = {[2, 6]
( 0 1 )( 0 2 )( 0 3 )( 0 4 )( 0 5 )( 0 6 )( 0 7 )( 0 8 )( 0 9 )( 1 2 )( 1 4 )( 1 5 )( 1 6 )( 1 8 )( 1 9 )( 2 0 )( 2 1 )( 2 2 )( 2 3 )( 2 4 )( 2 5 )( 2 6 )( 2 7 )( 2 8 )( 2 9 )( 3 1 )( 3 2 )( 3 3 )( 3 4 )( 3 7 )( 3 8 )( 3 9 )( 4 0 )( 4 1 )( 4 2 )( 4 3 )( 4 4 )( 4 5 )( 4 6 )( 4 7 )( 4 8 )( 4 9 )( 5 0 )( 5 1 )( 5 2 )( 5 3 )( 5 4 )( 5 5 )( 5 7 )( 5 8 )( 5 9 )( 6 0 )( 6 1 )( 6 2 )( 6 3 )( 6 4 )( 6 6 )( 6 7 )( 6 8 )( 6 9 )( 7 0 )( 7 2 )( 7 3 )( 7 4 )( 7 5 )( 7 6 )( 7 7 )( 7 8 )( 7 9 )( 8 0 )( 8 1 )( 8 2 )( 8 3 )( 8 4 )( 8 5 )( 8 6 )( 8 7 )( 8 9 )( 9 1 )( 9 2 )( 9 4 )( 9 6 )( 9 7 )( 9 8 )( 9 9 )

id: 34 semantics: supports size: 85 arity:2 scope = {[2, 7]
( 0 0 )( 0 1 )( 0 2 )( 0 3 )( 0 5 )( 0 6 )( 0 7 )( 0 9 )( 1 0 )( 1 1 )( 1 3 )( 1 4 )( 1 5 )( 1 6 )( 1 9 )( 2 0 )( 2 1 )( 2 2 )( 2 3 )( 2 4 )( 2 5 )( 2 6 )( 2 7 )( 2 9 )( 3 0 )( 3 1 )( 3 2 )( 3 3 )( 3 5 )( 3 6 )( 3 7 )( 3 8 )( 3 9 )( 4 1 )( 4 2 )( 4 3 )( 4 4 )( 4 5 )( 4 6 )( 4 7 )( 4 8 )( 4 9 )( 5 0 )( 5 1 )( 5 3 )( 5 4 )( 5 5 )( 5 6 )( 5 7 )( 5 8 )( 5 9 )( 6 0 )( 6 1 )( 6 2 )( 6 3 )( 6 4 )( 6 5 )( 6 6 )( 6 7 )( 6 8 )( 6 9 )( 7 0 )( 7 3 )( 7 4 )( 7 5 )( 7 6 )( 7 7 )( 7 8 )( 7 9 )( 8 0 )( 8 2 )( 8 3 )( 8 4 )( 8 5 )( 8 7 )( 8 8 )( 9 1 )( 9 2 )( 9 3 )( 9 4 )( 9 5 )( 9 6 )( 9 7 )( 9 8 )( 9 9 )

id: 35 semantics: supports size: 85 arity:2 scope = {[2, 8]
( 0 0 )( 0 2 )( 0 3 )( 0 4 )( 0 5 )( 0 6 )( 0 7 )( 0 8 )( 1 0 )( 1 1 )( 1 2 )( 1 3 )( 1 4 )( 1 5 )( 1 6 )( 1 7 )( 1 9 )( 2 0 )( 2 1 )( 2 2 )( 2 3 )( 2 4 )( 2 5 )( 2 6 )( 2 7 )( 2 8 )( 2 9 )( 3 1 )( 3 2 )( 3 4 )( 3 5 )( 3 6 )( 3 7 )( 3 8 )( 3 9 )( 4 0 )( 4 1 )( 4 2 )( 4 3 )( 4 4 )( 4 5 )( 4 6 )( 4 8 )( 4 9 )( 5 0 )( 5 1 )( 5 2 )( 5 3 )( 5 4 )( 5 5 )( 5 6 )( 5 7 )( 5 8 )( 6 0 )( 6 1 )( 6 3 )( 6 5 )( 6 6 )( 6 7 )( 6 8 )( 6 9 )( 7 0 )( 7 1 )( 7 2 )( 7 3 )( 7 7 )( 7 8 )( 7 9 )( 8 0 )( 8 1 )( 8 3 )( 8 4 )( 8 5 )( 8 7 )( 8 8 )( 8 9 )( 9 1 )( 9 2 )( 9 3 )( 9 4 )( 9 5 )( 9 6 )( 9 7 )( 9 8 )( 9 9 )

id: 36 semantics: supports size: 85 arity:2 scope = {[2, 10]
( 0 0 )( 0 1 )( 0 3 )( 0 4 )( 0 5 )( 0 6 )( 0 7 )( 0 8 )( 0 9 )( 1 0 )( 1 1 )( 1 2 )( 1 3 )( 1 4 )( 1 5 )( 1 6 )( 1 7 )( 1 8 )( 1 9 )( 2 0 )( 2 1 )( 2 2 )( 2 3 )( 2 4 )( 2 5 )( 2 6 )( 2 8 )( 3 0 )( 3 1 )( 3 2 )( 3 4 )( 3 5 )( 3 7 )( 3 8 )( 3 9 )( 4 1 )( 4 2 )( 4 3 )( 4 4 )( 4 6 )( 4 7 )( 4 8 )( 4 9 )( 5 1 )( 5 2 )( 5 4 )( 5 5 )( 5 6 )( 5 8 )( 5 9 )( 6 0 )( 6 1 )( 6 2 )( 6 3 )( 6 4 )( 6 5 )( 6 6 )( 6 7 )( 6 8 )( 6 9 )( 7 0 )( 7 1 )( 7 4 )( 7 5 )( 7 6 )( 7 8 )( 7 9 )( 8 0 )( 8 2 )( 8 3 )( 8 4 )( 8 6 )( 8 7 )( 8 8 )( 8 9 )( 9 0 )( 9 1 )( 9 2 )( 9 3 )( 9 4 )( 9 5 )( 9 6 )( 9 7 )( 9 8 )( 9 9 )

id: 37 semantics: supports size: 85 arity:2 scope = {[2, 14]
( 0 0 )( 0 1 )( 0 3 )( 0 4 )( 0 5 )( 0 6 )( 0 7 )( 0 8 )( 0 9 )( 1 0 )( 1 1 )( 1 2 )( 1 4 )( 1 5 )( 1 6 )( 1 7 )( 1 8 )( 1 9 )( 2 0 )( 2 2 )( 2 3 )( 2 4 )( 2 5 )( 2 6 )( 2 8 )( 2 9 )( 3 1 )( 3 2 )( 3 4 )( 3 5 )( 3 7 )( 3 9 )( 4 0 )( 4 1 )( 4 2 )( 4 3 )( 4 4 )( 4 5 )( 4 6 )( 4 7 )( 4 8 )( 4 9 )( 5 0 )( 5 1 )( 5 2 )( 5 3 )( 5 4 )( 5 6 )( 5 7 )( 5 8 )( 6 0 )( 6 1 )( 6 2 )( 6 3 )( 6 4 )( 6 5 )( 6 6 )( 6 7 )( 6 8 )( 6 9 )( 7 0 )( 7 1 )( 7 2 )( 7 3 )( 7 4 )( 7 5 )( 7 6 )( 7 7 )( 7 9 )( 8 0 )( 8 1 )( 8 2 )( 8 3 )( 8 4 )( 8 7 )( 8 8 )( 9 0 )( 9 1 )( 9 2 )( 9 3 )( 9 4 )( 9 5 )( 9 7 )( 9 8 )( 9 9 )

id: 38 semantics: supports size: 85 arity:2 scope = {[2, 16]
( 0 0 )( 0 1 )( 0 2 )( 0 3 )( 0 5 )( 0 6 )( 0 7 )( 0 8 )( 1 0 )( 1 1 )( 1 2 )( 1 3 )( 1 4 )( 1 5 )( 1 6 )( 1 7 )( 1 8 )( 1 9 )( 2 1 )( 2 2 )( 2 4 )( 2 5 )( 2 7 )( 2 8 )( 2 9 )( 3 0 )( 3 2 )( 3 3 )( 3 4 )( 3 6 )( 3 7 )( 3 8 )( 3 9 )( 4 0 )( 4 1 )( 4 2 )( 4 3 )( 4 4 )( 4 5 )( 4 6 )( 4 7 )( 4 8 )( 4 9 )( 5 0 )( 5 1 )( 5 3 )( 5 4 )( 5 5 )( 5 7 )( 5 8 )( 5 9 )( 6 0 )( 6 1 )( 6 3 )( 6 5 )( 6 6 )( 6 7 )( 6 8 )( 6 9 )( 7 1 )( 7 2 )( 7 3 )( 7 4 )( 7 5 )( 7 6 )( 7 8 )( 7 9 )( 8 0 )( 8 2 )( 8 3 )( 8 4 )( 8 5 )( 8 6 )( 8 7 )( 8 8 )( 9 0 )( 9 1 )( 9 2 )( 9 3 )( 9 4 )( 9 5 )( 9 6 )( 9 7 )( 9 8 )( 9 9 )

id: 39 semantics: supports size: 85 arity:2 scope = {[2, 17]
( 0 0 )( 0 1 )( 0 2 )( 0 3 )( 0 4 )( 0 5 )( 0 6 )( 0 7 )( 0 9 )( 1 0 )( 1 1 )( 1 2 )( 1 3 )( 1 4 )( 1 6 )( 1 7 )( 1 9 )( 2 0 )( 2 1 )( 2 2 )( 2 3 )( 2 4 )( 2 5 )( 2 7 )( 2 8 )( 2 9 )( 3 0 )( 3 1 )( 3 2 )( 3 3 )( 3 4 )( 3 5 )( 3 6 )( 3 7 )( 3 8 )( 3 9 )( 4 0 )( 4 1 )( 4 2 )( 4 4 )( 4 6 )( 4 7 )( 4 8 )( 4 9 )( 5 1 )( 5 2 )( 5 3 )( 5 5 )( 5 6 )( 5 7 )( 5 8 )( 5 9 )( 6 0 )( 6 2 )( 6 3 )( 6 4 )( 6 5 )( 6 6 )( 6 9 )( 7 0 )( 7 1 )( 7 2 )( 7 3 )( 7 4 )( 7 5 )( 7 6 )( 7 8 )( 7 9 )( 8 0 )( 8 1 )( 8 3 )( 8 4 )( 8 7 )( 8 8 )( 8 9 )( 9 0 )( 9 1 )( 9 2 )( 9 3 )( 9 4 )( 9 5 )( 9 6 )( 9 7 )( 9 8 )( 9 9 )

id: 40 semantics: supports size: 85 arity:2 scope = {[2, 18]
( 0 0 )( 0 1 )( 0 2 )( 0 3 )( 0 4 )( 0 5 )( 0 6 )( 0 7 )( 0 8 )( 0 9 )( 1 0 )( 1 1 )( 1 2 )( 1 4 )( 1 5 )( 1 6 )( 1 7 )( 1 8 )( 2 1 )( 2 3 )( 2 4 )( 2 5 )( 2 8 )( 2 9 )( 3 0 )( 3 1 )( 3 2 )( 3 3 )( 3 4 )( 3 5 )( 3 6 )( 3 7 )( 3 8 )( 3 9 )( 4 0 )( 4 1 )( 4 2 )( 4 3 )( 4 4 )( 4 5 )( 4 6 )( 4 7 )( 4 8 )( 4 9 )( 5 0 )( 5 1 )( 5 2 )( 5 3 )( 5 4 )( 5 5 )( 5 6 )( 5 7 )( 5 8 )( 5 9 )( 6 0 )( 6 1 )( 6 2 )( 6 3 )( 6 4 )( 6 5 )( 6 6 )( 6 7 )( 6 8 )( 7 0 )( 7 1 )( 7 2 )( 7 3 )( 7 5 )( 7 6 )( 7 8 )( 8 1 )( 8 2 )( 8 3 )( 8 4 )( 8 5 )( 8 7 )( 8 8 )( 8 9 )( 9 0 )( 9 1 )( 9 2 )( 9 3 )( 9 5 )( 9 8 )( 9 9 )

id: 41 semantics: supports size: 85 arity:2 scope = {[2, 20]
( 0 0 )( 0 1 )( 0 2 )( 0 5 )( 0 6 )( 0 7 )( 0 9 )( 1 0 )( 1 2 )( 1 3 )( 1 4 )( 1 5 )( 1 6 )( 1 8 )( 1 9 )( 2 0 )( 2 1 )( 2 2 )( 2 3 )( 2 4 )( 2 5 )( 2 6 )( 2 7 )( 2 9 )( 3 0 )( 3 1 )( 3 2 )( 3 3 )( 3 4 )( 3 5 )( 3 6 )( 3 8 )( 3 9 )( 4 0 )( 4 1 )( 4 2 )( 4 3 )( 4 4 )( 4 5 )( 4 6 )( 4 7 )( 4 8 )( 4 9 )( 5 0 )( 5 1 )( 5 3 )( 5 4 )( 5 5 )( 5 6 )( 5 8 )( 5 9 )( 6 0 )( 6 1 )( 6 2 )( 6 4 )( 6 5 )( 6 6 )( 6 7 )( 6 8 )( 6 9 )( 7 0 )( 7 2 )( 7 3 )( 7 4 )( 7 5 )( 7 7 )( 7 8 )( 7 9 )( 8 0 )( 8 1 )( 8 2 )( 8 3 )( 8 4 )( 8 5 )( 8 6 )( 8 7 )( 8 8 )( 9 0 )( 9 2 )( 9 3 )( 9 4 )( 9 6 )( 9 7 )( 9 8 )( 9 9 )

id: 42 semantics: supports size: 85 arity:2 scope = {[2, 21]
( 0 1 )( 0 2 )( 0 3 )( 0 4 )( 0 5 )( 0 6 )( 0 7 )( 0 8 )( 1 0 )( 1 1 )( 1 2 )( 1 4 )( 1 5 )( 1 7 )( 1 9 )( 2 0 )( 2 2 )( 2 3 )( 2 4 )( 2 5 )( 2 6 )( 2 8 )( 2 9 )( 3 0 )( 3 1 )( 3 2 )( 3 3 )( 3 4 )( 3 5 )( 3 6 )( 3 7 )( 3 8 )( 4 1 )( 4 2 )( 4 3 )( 4 4 )( 4 5 )( 4 6 )( 4 7 )( 4 8 )( 4 9 )( 5 0 )( 5 1 )( 5 2 )( 5 3 )( 5 4 )( 5 6 )( 5 7 )( 5 8 )( 5 9 )( 6 0 )( 6 2 )( 6 4 )( 6 5 )( 6 6 )( 6 7 )( 6 8 )( 6 9 )( 7 0 )( 7 1 )( 7 2 )( 7 4 )( 7 5 )( 7 6 )( 7 7 )( 7 8 )( 7 9 )( 8 0 )( 8 1 )( 8 2 )( 8 3 )( 8 4 )( 8 5 )( 8 6 )( 8 7 )( 8 8 )( 8 9 )( 9 1 )( 9 2 )( 9 3 )( 9 4 )( 9 5 )( 9 7 )( 9 8 )( 9 9 )

id: 43 semantics: supports size: 85 arity:2 scope = {[2, 22]
( 0 1 )( 0 2 )( 0 3 )( 0 5 )( 0 6 )( 0 7 )( 0 8 )( 0 9 )( 1 1 )( 1 2 )( 1 3 )( 1 4 )( 1 5 )( 1 6 )( 1 7 )( 1 8 )( 1 9 )( 2 0 )( 2 1 )( 2 2 )( 2 3 )( 2 4 )( 2 6 )( 2 7 )( 2 8 )( 2 9 )( 3 0 )( 3 2 )( 3 3 )( 3 5 )( 3 6 )( 3 7 )( 3 8 )( 3 9 )( 4 0 )( 4 2 )( 4 3 )( 4 4 )( 4 5 )( 4 6 )( 4 7 )( 4 8 )( 4 9 )( 5 0 )( 5 1 )( 5 2 )( 5 3 )( 5 4 )( 5 5 )( 5 6 )( 5 7 )( 5 8 )( 5 9 )( 6 0 )( 6 1 )( 6 3 )( 6 4 )( 6 5 )( 6 8 )( 6 9 )( 7 0 )( 7 1 )( 7 2 )( 7 3 )( 7 4 )( 7 6 )( 7 8 )( 7 9 )( 8 0 )( 8 1 )( 8 3 )( 8 4 )( 8 5 )( 8 6 )( 8 7 )( 8 8 )( 8 9 )( 9 0 )( 9 1 )( 9 2 )( 9 3 )( 9 5 )( 9 6 )( 9 7 )( 9 8 )

id: 44 semantics: supports size: 85 arity:2 scope = {[2, 24]
( 0 0 )( 0 1 )( 0 2 )( 0 3 )( 0 4 )( 0 5 )( 0 6 )( 0 7 )( 0 8 )( 0 9 )( 1 0 )( 1 1 )( 1 2 )( 1 3 )( 1 5 )( 1 6 )( 1 7 )( 1 8 )( 1 9 )( 2 0 )( 2 1 )( 2 5 )( 2 6 )( 2 7 )( 2 8 )( 2 9 )( 3 0 )( 3 1 )( 3 2 )( 3 3 )( 3 4 )( 3 5 )( 3 6 )( 3 8 )( 3 9 )( 4 0 )( 4 1 )( 4 2 )( 4 3 )( 4 4 )( 4 5 )( 4 6 )( 4 8 )( 5 0 )( 5 1 )( 5 2 )( 5 3 )( 5 4 )( 5 6 )( 5 7 )( 5 8 )( 5 9 )( 6 0 )( 6 1 )( 6 2 )( 6 3 )( 6 4 )( 6 5 )( 6 6 )( 6 7 )( 6 8 )( 6 9 )( 7 1 )( 7 2 )( 7 3 )( 7 4 )( 7 5 )( 7 7 )( 7 8 )( 7 9 )( 8 1 )( 8 2 )( 8 3 )( 8 4 )( 8 5 )( 8 7 )( 8 8 )( 8 9 )( 9 1 )( 9 2 )( 9 3 )( 9 4 )( 9 5 )( 9 7 )( 9 8 )

id: 45 semantics: supports size: 85 arity:2 scope = {[3, 4]
( 0 0 )( 0 1 )( 0 3 )( 0 6 )( 0 7 )( 0 8 )( 1 0 )( 1 2 )( 1 3 )( 1 4 )( 1 6 )( 1 7 )( 1 8 )( 1 9 )( 2 0 )( 2 1 )( 2 2 )( 2 3 )( 2 4 )( 2 6 )( 2 7 )( 2 8 )( 2 9 )( 3 0 )( 3 1 )( 3 2 )( 3 3 )( 3 4 )( 3 5 )( 3 6 )( 3 7 )( 3 8 )( 3 9 )( 4 1 )( 4 2 )( 4 3 )( 4 5 )( 4 6 )( 4 7 )( 4 8 )( 5 0 )( 5 1 )( 5 2 )( 5 3 )( 5 4 )( 5 5 )( 5 6 )( 5 7 )( 5 8 )( 5 9 )( 6 0 )( 6 1 )( 6 3 )( 6 4 )( 6 5 )( 6 6 )( 6 7 )( 6 8 )( 6 9 )( 7 0 )( 7 1 )( 7 2 )( 7 3 )( 7 4 )( 7 6 )( 7 7 )( 7 8 )( 8 0 )( 8 2 )( 8 3 )( 8 4 )( 8 5 )( 8 6 )( 8 7 )( 8 8 )( 8 9 )( 9 1 )( 9 2 )( 9 3 )( 9 4 )( 9 5 )( 9 6 )( 9 7 )( 9 8 )( 9 9 )

id: 46 semantics: supports size: 85 arity:2 scope = {[3, 5]
( 0 0 )( 0 1 )( 0 2 )( 0 3 )( 0 4 )( 0 5 )( 0 6 )( 0 7 )( 0 8 )( 0 9 )( 1 0 )( 1 1 )( 1 2 )( 1 3 )( 1 4 )( 1 5 )( 1 7 )( 1 9 )( 2 1 )( 2 2 )( 2 3 )( 2 4 )( 2 6 )( 2 7 )( 2 8 )( 2 9 )( 3 0 )( 3 1 )( 3 2 )( 3 3 )( 3 4 )( 3 5 )( 3 6 )( 4 0 )( 4 1 )( 4 2 )( 4 3 )( 4 5 )( 4 6 )( 4 8 )( 4 9 )( 5 0 )( 5 1 )( 5 2 )( 5 4 )( 5 5 )( 5 6 )( 5 7 )( 5 8 )( 6 0 )( 6 1 )( 6 2 )( 6 5 )( 6 6 )( 6 7 )( 6 8 )( 6 9 )( 7 0 )( 7 1 )( 7 2 )( 7 3 )( 7 4 )( 7 5 )( 7 6 )( 7 8 )( 7 9 )( 8 0 )( 8 1 )( 8 2 )( 8 3 )( 8 4 )( 8 5 )( 8 6 )( 8 7 )( 8 8 )( 8 9 )( 9 0 )( 9 1 )( 9 2 )( 9 3 )( 9 4 )( 9 5 )( 9 7 )( 9 8 )( 9 9 )

id: 47 semantics: supports size: 85 arity:2 scope = {[3, 7]
( 0 0 )( 0 1 )( 0 2 )( 0 3 )( 0 4 )( 0 5 )( 0 6 )( 0 7 )( 0 8 )( 0 9 )( 1 0 )( 1 1 )( 1 2 )( 1 4 )( 1 6 )( 1 7 )( 1 8 )( 1 9 )( 2 0 )( 2 1 )( 2 2 )( 2 3 )( 2 4 )( 2 6 )( 2 7 )( 2 8 )( 2 9 )( 3 0 )( 3 1 )( 3 2 )( 3 3 )( 3 4 )( 3 5 )( 3 6 )( 3 7 )( 3 8 )( 3 9 )( 4 0 )( 4 1 )( 4 3 )( 4 4 )( 4 5 )( 4 6 )( 4 7 )( 4 8 )( 4 9 )( 5 0 )( 5 1 )( 5 3 )( 5 4 )( 5 5 )( 5 6 )( 5 7 )( 5 9 )( 6 0 )( 6 1 )( 6 2 )( 6 3 )( 6 4 )( 6 5 )( 6 6 )( 6 7 )( 6 8 )( 6 9 )( 7 0 )( 7 2 )( 7 3 )( 7 4 )( 7 9 )( 8 0 )( 8 2 )( 8 3 )( 8 4 )( 8 5 )( 8 7 )( 8 8 )( 9 0 )( 9 2 )( 9 3 )( 9 4 )( 9 5 )( 9 6 )( 9 7 )( 9 8 )( 9 9 )

id: 48 semantics: supports size: 85 arity:2 scope = {[3, 8]
( 0 0 )( 0 1 )( 0 2 )( 0 3 )( 0 4 )( 0 5 )( 0 6 )( 0 7 )( 0 8 )( 0 9 )( 1 0 )( 1 1 )( 1 2 )( 1 3 )( 1 4 )( 1 5 )( 1 6 )( 1 7 )( 1 8 )( 1 9 )( 2 0 )( 2 2 )( 2 3 )( 2 4 )( 2 6 )( 2 7 )( 2 8 )( 2 9 )( 3 2 )( 3 4 )( 3 7 )( 3 8 )( 3 9 )( 4 0 )( 4 1 )( 4 2 )( 4 3 )( 4 6 )( 4 7 )( 4 8 )( 4 9 )( 5 0 )( 5 1 )( 5 2 )( 5 3 )( 5 4 )( 5 5 )( 5 6 )( 5 7 )( 5 8 )( 6 0 )( 6 1 )( 6 2 )( 6 3 )( 6 4 )( 6 5 )( 6 6 )( 6 7 )( 6 8 )( 6 9 )( 7 0 )( 7 1 )( 7 2 )( 7 4 )( 7 5 )( 7 6 )( 7 8 )( 7 9 )( 8 0 )( 8 1 )( 8 2 )( 8 3 )( 8 4 )( 8 6 )( 8 7 )( 8 8 )( 8 9 )( 9 0 )( 9 1 )( 9 3 )( 9 4 )( 9 5 )( 9 6 )( 9 8 )( 9 9 )

id: 49 semantics: supports size: 85 arity:2 scope = {[3, 10]
( 0 0 )( 0 1 )( 0 4 )( 0 5 )( 0 6 )( 0 7 )( 0 8 )( 0 9 )( 1 0 )( 1 1 )( 1 2 )( 1 3 )( 1 4 )( 1 5 )( 1 6 )( 1 7 )( 1 8 )( 1 9 )( 2 0 )( 2 1 )( 2 2 )( 2 3 )( 2 5 )( 2 6 )( 2 7 )( 2 8 )( 2 9 )( 3 0 )( 3 1 )( 3 3 )( 3 4 )( 3 5 )( 3 6 )( 3 8 )( 3 9 )( 4 0 )( 4 1 )( 4 2 )( 4 3 )( 4 4 )( 4 5 )( 4 6 )( 4 7 )( 4 8 )( 4 9 )( 5 0 )( 5 1 )( 5 2 )( 5 3 )( 5 4 )( 5 6 )( 5 7 )( 5 8 )( 6 2 )( 6 3 )( 6 4 )( 6 5 )( 6 6 )( 6 7 )( 6 8 )( 6 9 )( 7 0 )( 7 1 )( 7 2 )( 7 4 )( 7 5 )( 7 6 )( 7 7 )( 7 9 )( 8 0 )( 8 1 )( 8 2 )( 8 3 )( 8 4 )( 8 5 )( 8 6 )( 8 7 )( 8 8 )( 8 9 )( 9 0 )( 9 1 )( 9 2 )( 9 6 )( 9 8 )( 9 9 )

id: 50 semantics: supports size: 85 arity:2 scope = {[3, 11]
( 0 0 )( 0 1 )( 0 2 )( 0 3 )( 0 4 )( 0 5 )( 0 6 )( 0 7 )( 0 8 )( 0 9 )( 1 0 )( 1 1 )( 1 2 )( 1 4 )( 1 6 )( 1 7 )( 1 8 )( 1 9 )( 2 0 )( 2 1 )( 2 2 )( 2 3 )( 2 4 )( 2 5 )( 2 6 )( 2 7 )( 2 8 )( 2 9 )( 3 0 )( 3 1 )( 3 2 )( 3 3 )( 3 5 )( 3 6 )( 3 7 )( 3 8 )( 4 0 )( 4 1 )( 4 2 )( 4 3 )( 4 4 )( 4 5 )( 4 6 )( 4 7 )( 4 8 )( 4 9 )( 5 0 )( 5 1 )( 5 2 )( 5 3 )( 5 4 )( 5 5 )( 5 6 )( 5 7 )( 5 9 )( 6 0 )( 6 1 )( 6 2 )( 6 4 )( 6 5 )( 6 6 )( 6 7 )( 6 8 )( 6 9 )( 7 0 )( 7 1 )( 7 2 )( 7 4 )( 7 6 )( 7 8 )( 7 9 )( 8 1 )( 8 4 )( 8 5 )( 8 6 )( 8 7 )( 8 8 )( 8 9 )( 9 1 )( 9 3 )( 9 4 )( 9 5 )( 9 6 )( 9 7 )( 9 8 )

id: 51 semantics: supports size: 85 arity:2 scope = {[3, 12]
( 0 1 )( 0 2 )( 0 3 )( 0 5 )( 0 6 )( 0 7 )( 0 8 )( 0 9 )( 1 0 )( 1 1 )( 1 3 )( 1 4 )( 1 6 )( 1 7 )( 1 8 )( 1 9 )( 2 0 )( 2 1 )( 2 2 )( 2 3 )( 2 4 )( 2 5 )( 2 6 )( 2 7 )( 2 9 )( 3 0 )( 3 1 )( 3 2 )( 3 3 )( 3 4 )( 3 6 )( 3 7 )( 3 9 )( 4 0 )( 4 1 )( 4 2 )( 4 3 )( 4 5 )( 4 6 )( 4 7 )( 4 8 )( 4 9 )( 5 0 )( 5 1 )( 5 2 )( 5 3 )( 5 4 )( 5 5 )( 5 6 )( 5 7 )( 5 8 )( 5 9 )( 6 0 )( 6 1 )( 6 2 )( 6 3 )( 6 4 )( 6 6 )( 6 7 )( 6 8 )( 6 9 )( 7 0 )( 7 1 )( 7 2 )( 7 3 )( 7 6 )( 7 7 )( 7 8 )( 7 9 )( 8 0 )( 8 2 )( 8 4 )( 8 5 )( 8 7 )( 8 8 )( 8 9 )( 9 0 )( 9 1 )( 9 2 )( 9 3 )( 9 4 )( 9 6 )( 9 7 )( 9 8 )( 9 9 )

id: 52 semantics: supports size: 85 arity:2 scope = {[3, 13]
( 0 0 )( 0 1 )( 0 2 )( 0 3 )( 0 4 )( 0 5 )( 0 7 )( 0 8 )( 0 9 )( 1 0 )( 1 1 )( 1 2 )( 1 3 )( 1 4 )( 1 5 )( 1 6 )( 1 7 )( 1 8 )( 1 9 )( 2 2 )( 2 4 )( 2 5 )( 2 6 )( 2 7 )( 2 9 )( 3 0 )( 3 1 )( 3 2 )( 3 3 )( 3 4 )( 3 5 )( 3 6 )( 3 7 )( 3 8 )( 3 9 )( 4 0 )( 4 2 )( 4 3 )( 4 4 )( 4 7 )( 4 8 )( 4 9 )( 5 0 )( 5 2 )( 5 3 )( 5 5 )( 5 6 )( 5 7 )( 5 9 )( 6 0 )( 6 1 )( 6 2 )( 6 3 )( 6 4 )( 6 5 )( 6 6 )( 6 7 )( 6 8 )( 6 9 )( 7 0 )( 7 1 )( 7 2 )( 7 3 )( 7 4 )( 7 5 )( 7 6 )( 7 7 )( 7 8 )( 7 9 )( 8 0 )( 8 3 )( 8 4 )( 8 6 )( 8 7 )( 8 8 )( 8 9 )( 9 0 )( 9 1 )( 9 2 )( 9 3 )( 9 4 )( 9 5 )( 9 7 )( 9 8 )( 9 9 )

id: 53 semantics: supports size: 85 arity:2 scope = {[3, 15]
( 0 0 )( 0 1 )( 0 2 )( 0 3 )( 0 4 )( 0 5 )( 0 6 )( 0 8 )( 0 9 )( 1 0 )( 1 2 )( 1 3 )( 1 4 )( 1 5 )( 1 6 )( 1 7 )( 2 0 )( 2 1 )( 2 3 )( 2 4 )( 2 5 )( 2 6 )( 2 7 )( 2 8 )( 2 9 )( 3 0 )( 3 1 )( 3 2 )( 3 3 )( 3 4 )( 3 5 )( 3 6 )( 3 7 )( 3 8 )( 3 9 )( 4 0 )( 4 1 )( 4 2 )( 4 3 )( 4 4 )( 4 5 )( 4 6 )( 4 8 )( 4 9 )( 5 1 )( 5 2 )( 5 4 )( 5 5 )( 5 6 )( 5 7 )( 5 8 )( 5 9 )( 6 0 )( 6 1 )( 6 2 )( 6 3 )( 6 4 )( 6 7 )( 6 8 )( 6 9 )( 7 0 )( 7 1 )( 7 2 )( 7 3 )( 7 4 )( 7 5 )( 7 7 )( 7 8 )( 7 9 )( 8 0 )( 8 1 )( 8 2 )( 8 3 )( 8 5 )( 8 7 )( 8 8 )( 9 0 )( 9 1 )( 9 2 )( 9 3 )( 9 4 )( 9 5 )( 9 6 )( 9 8 )( 9 9 )

id: 54 semantics: supports size: 85 arity:2 scope = {[3, 16]
( 0 0 )( 0 1 )( 0 2 )( 0 3 )( 0 4 )( 0 5 )( 0 6 )( 0 7 )( 0 8 )( 0 9 )( 1 0 )( 1 1 )( 1 3 )( 1 5 )( 1 6 )( 1 7 )( 1 8 )( 1 9 )( 2 0 )( 2 1 )( 2 3 )( 2 4 )( 2 5 )( 2 6 )( 2 7 )( 2 8 )( 2 9 )( 3 0 )( 3 2 )( 3 3 )( 3 4 )( 3 5 )( 3 6 )( 3 7 )( 3 8 )( 3 9 )( 4 0 )( 4 2 )( 4 3 )( 4 4 )( 4 5 )( 4 6 )( 4 8 )( 5 0 )( 5 1 )( 5 2 )( 5 3 )( 5 4 )( 5 5 )( 5 6 )( 5 7 )( 5 8 )( 5 9 )( 6 2 )( 6 4 )( 6 6 )( 6 7 )( 6 8 )( 6 9 )( 7 0 )( 7 1 )( 7 2 )( 7 3 )( 7 4 )( 7 5 )( 7 6 )( 7 7 )( 7 9 )( 8 0 )( 8 1 )( 8 2 )( 8 3 )( 8 4 )( 8 5 )( 8 6 )( 8 7 )( 8 8 )( 8 9 )( 9 0 )( 9 1 )( 9 2 )( 9 5 )( 9 6 )( 9 7 )( 9 9 )

id: 55 semantics: supports size: 85 arity:2 scope = {[3, 17]
( 0 2 )( 0 3 )( 0 4 )( 0 5 )( 0 6 )( 0 7 )( 0 8 )( 0 9 )( 1 1 )( 1 2 )( 1 3 )( 1 4 )( 1 5 )( 1 8 )( 2 0 )( 2 1 )( 2 2 )( 2 3 )( 2 5 )( 2 6 )( 2 7 )( 2 8 )( 2 9 )( 3 0 )( 3 1 )( 3 2 )( 3 3 )( 3 4 )( 3 5 )( 3 6 )( 3 7 )( 3 9 )( 4 0 )( 4 1 )( 4 2 )( 4 3 )( 4 4 )( 4 5 )( 4 6 )( 4 7 )( 4 8 )( 4 9 )( 5 0 )( 5 1 )( 5 2 )( 5 3 )( 5 4 )( 5 5 )( 5 7 )( 5 8 )( 5 9 )( 6 0 )( 6 1 )( 6 2 )( 6 3 )( 6 4 )( 6 5 )( 6 6 )( 6 7 )( 6 8 )( 7 0 )( 7 1 )( 7 2 )( 7 3 )( 7 5 )( 7 7 )( 7 8 )( 7 9 )( 8 0 )( 8 1 )( 8 2 )( 8 3 )( 8 5 )( 8 6 )( 8 7 )( 8 8 )( 8 9 )( 9 0 )( 9 1 )( 9 2 )( 9 4 )( 9 5 )( 9 6 )( 9 8 )( 9 9 )

id: 56 semantics: supports size: 85 arity:2 scope = {[3, 19]
( 0 0 )( 0 1 )( 0 2 )( 0 3 )( 0 4 )( 0 5 )( 0 6 )( 0 8 )( 0 9 )( 1 0 )( 1 1 )( 1 2 )( 1 3 )( 1 4 )( 1 6 )( 1 7 )( 1 8 )( 1 9 )( 2 0 )( 2 1 )( 2 3 )( 2 4 )( 2 6 )( 2 7 )( 2 8 )( 3 0 )( 3 2 )( 3 3 )( 3 4 )( 3 6 )( 3 8 )( 3 9 )( 4 0 )( 4 1 )( 4 2 )( 4 3 )( 4 5 )( 4 7 )( 4 8 )( 4 9 )( 5 0 )( 5 2 )( 5 3 )( 5 4 )( 5 5 )( 5 6 )( 5 7 )( 5 8 )( 5 9 )( 6 0 )( 6 1 )( 6 2 )( 6 3 )( 6 4 )( 6 5 )( 6 6 )( 6 7 )( 6 8 )( 6 9 )( 7 1 )( 7 3 )( 7 4 )( 7 5 )( 7 6 )( 7 7 )( 7 8 )( 7 9 )( 8 0 )( 8 1 )( 8 2 )( 8 3 )( 8 4 )( 8 5 )( 8 6 )( 8 7 )( 8 8 )( 8 9 )( 9 0 )( 9 2 )( 9 4 )( 9 5 )( 9 6 )( 9 7 )( 9 8 )( 9 9 )

id: 57 semantics: supports size: 85 arity:2 scope = {[3, 20]
( 0 1 )( 0 2 )( 0 3 )( 0 4 )( 0 5 )( 0 6 )( 0 7 )( 0 8 )( 0 9 )( 1 0 )( 1 1 )( 1 2 )( 1 4 )( 1 6 )( 1 8 )( 1 9 )( 2 1 )( 2 2 )( 2 3 )( 2 4 )( 2 5 )( 2 6 )( 2 7 )( 2 8 )( 3 1 )( 3 2 )( 3 3 )( 3 4 )( 3 5 )( 3 6 )( 3 8 )( 3 9 )( 4 0 )( 4 1 )( 4 2 )( 4 3 )( 4 4 )( 4 6 )( 4 7 )( 4 8 )( 4 9 )( 5 0 )( 5 1 )( 5 2 )( 5 3 )( 5 4 )( 5 5 )( 5 6 )( 5 7 )( 5 8 )( 5 9 )( 6 0 )( 6 1 )( 6 2 )( 6 3 )( 6 4 )( 6 5 )( 6 6 )( 6 7 )( 6 8 )( 6 9 )( 7 0 )( 7 2 )( 7 3 )( 7 4 )( 7 5 )( 7 6 )( 7 7 )( 7 8 )( 8 1 )( 8 2 )( 8 3 )( 8 4 )( 8 5 )( 8 8 )( 8 9 )( 9 0 )( 9 1 )( 9 2 )( 9 4 )( 9 5 )( 9 6 )( 9 7 )( 9 8 )( 9 9 )

id: 58 semantics: supports size: 85 arity:2 scope = {[3, 21]
( 0 0 )( 0 1 )( 0 3 )( 0 4 )( 0 5 )( 0 6 )( 0 7 )( 0 8 )( 0 9 )( 1 0 )( 1 1 )( 1 2 )( 1 3 )( 1 4 )( 1 5 )( 1 6 )( 1 7 )( 1 8 )( 1 9 )( 2 0 )( 2 1 )( 2 3 )( 2 5 )( 2 6 )( 2 7 )( 2 8 )( 3 1 )( 3 2 )( 3 3 )( 3 4 )( 3 6 )( 3 8 )( 3 9 )( 4 0 )( 4 1 )( 4 2 )( 4 3 )( 4 4 )( 4 5 )( 4 6 )( 4 7 )( 4 9 )( 5 1 )( 5 2 )( 5 3 )( 5 4 )( 5 5 )( 5 6 )( 5 7 )( 5 8 )( 5 9 )( 6 0 )( 6 1 )( 6 2 )( 6 3 )( 6 5 )( 6 6 )( 6 7 )( 6 8 )( 6 9 )( 7 0 )( 7 1 )( 7 2 )( 7 3 )( 7 4 )( 7 5 )( 7 7 )( 7 8 )( 7 9 )( 8 0 )( 8 2 )( 8 3 )( 8 4 )( 8 5 )( 8 6 )( 8 8 )( 8 9 )( 9 1 )( 9 2 )( 9 4 )( 9 5 )( 9 6 )( 9 7 )( 9 8 )( 9 9 )

id: 59 semantics: supports size: 85 arity:2 scope = {[3, 22]
( 0 0 )( 0 1 )( 0 2 )( 0 3 )( 0 4 )( 0 5 )( 0 6 )( 0 7 )( 0 8 )( 0 9 )( 1 0 )( 1 1 )( 1 2 )( 1 3 )( 1 4 )( 1 5 )( 1 6 )( 1 7 )( 2 0 )( 2 1 )( 2 2 )( 2 3 )( 2 4 )( 2 5 )( 2 8 )( 2 9 )( 3 1 )( 3 2 )( 3 3 )( 3 4 )( 3 5 )( 3 6 )( 3 7 )( 3 8 )( 3 9 )( 4 0 )( 4 1 )( 4 2 )( 4 3 )( 4 4 )( 4 5 )( 4 6 )( 4 7 )( 4 9 )( 5 0 )( 5 1 )( 5 2 )( 5 3 )( 5 4 )( 5 5 )( 5 6 )( 5 7 )( 6 0 )( 6 1 )( 6 2 )( 6 3 )( 6 4 )( 6 5 )( 6 6 )( 6 7 )( 6 8 )( 7 1 )( 7 2 )( 7 3 )( 7 4 )( 7 6 )( 7 7 )( 7 8 )( 7 9 )( 8 0 )( 8 1 )( 8 2 )( 8 3 )( 8 6 )( 8 7 )( 9 0 )( 9 1 )( 9 2 )( 9 3 )( 9 4 )( 9 5 )( 9 6 )( 9 7 )( 9 8 )( 9 9 )

id: 60 semantics: supports size: 85 arity:2 scope = {[3, 24]
( 0 0 )( 0 1 )( 0 2 )( 0 3 )( 0 4 )( 0 5 )( 0 6 )( 0 7 )( 0 8 )( 0 9 )( 1 0 )( 1 1 )( 1 2 )( 1 3 )( 1 4 )( 1 5 )( 1 6 )( 1 7 )( 1 8 )( 1 9 )( 2 0 )( 2 2 )( 2 3 )( 2 4 )( 2 5 )( 2 6 )( 2 7 )( 2 8 )( 2 9 )( 3 0 )( 3 1 )( 3 2 )( 3 3 )( 3 4 )( 3 5 )( 3 6 )( 3 7 )( 4 0 )( 4 1 )( 4 2 )( 4 3 )( 4 4 )( 4 5 )( 4 6 )( 4 7 )( 4 9 )( 5 0 )( 5 1 )( 5 2 )( 5 3 )( 5 4 )( 5 5 )( 5 6 )( 5 7 )( 5 8 )( 6 2 )( 6 4 )( 6 5 )( 6 6 )( 6 7 )( 6 9 )( 7 0 )( 7 1 )( 7 2 )( 7 3 )( 7 4 )( 7 5 )( 7 6 )( 7 7 )( 7 8 )( 8 0 )( 8 2 )( 8 3 )( 8 4 )( 8 5 )( 8 7 )( 8 8 )( 9 0 )( 9 1 )( 9 2 )( 9 3 )( 9 4 )( 9 5 )( 9 8 )( 9 9 )

id: 61 semantics: supports size: 85 arity:2 scope = {[4, 5]
( 0 0 )( 0 1 )( 0 2 )( 0 3 )( 0 4 )( 0 5 )( 0 6 )( 0 7 )( 0 8 )( 0 9 )( 1 0 )( 1 1 )( 1 2 )( 1 3 )( 1 4 )( 1 5 )( 1 6 )( 1 7 )( 1 8 )( 1 9 )( 2 0 )( 2 1 )( 2 2 )( 2 4 )( 2 5 )( 2 6 )( 2 7 )( 2 8 )( 2 9 )( 3 0 )( 3 1 )( 3 2 )( 3 3 )( 3 6 )( 3 7 )( 3 8 )( 3 9 )( 4 0 )( 4 1 )( 4 2 )( 4 4 )( 4 5 )( 4 6 )( 4 7 )( 4 8 )( 4 9 )( 5 0 )( 5 1 )( 5 2 )( 5 3 )( 5 4 )( 5 5 )( 5 6 )( 5 8 )( 5 9 )( 6 0 )( 6 1 )( 6 2 )( 6 3 )( 6 4 )( 6 5 )( 6 6 )( 6 7 )( 6 9 )( 7 0 )( 7 1 )( 7 2 )( 7 3 )( 7 6 )( 7 7 )( 7 8 )( 8 0 )( 8 1 )( 8 3 )( 8 4 )( 8 6 )( 8 7 )( 8 8 )( 8 9 )( 9 0 )( 9 3 )( 9 4 )( 9 5 )( 9 6 )( 9 7 )

id: 62 semantics: supports size: 85 arity:2 scope = {[4, 7]
( 0 1 )( 0 2 )( 0 3 )( 0 4 )( 0 6 )( 0 7 )( 0 8 )( 0 9 )( 1 0 )( 1 1 )( 1 3 )( 1 4 )( 1 5 )( 1 6 )( 1 7 )( 1 9 )( 2 0 )( 2 1 )( 2 2 )( 2 3 )( 2 4 )( 2 5 )( 2 6 )( 2 7 )( 2 8 )( 2 9 )( 3 0 )( 3 1 )( 3 2 )( 3 3 )( 3 4 )( 3 5 )( 3 6 )( 3 8 )( 3 9 )( 4 0 )( 4 1 )( 4 2 )( 4 3 )( 4 4 )( 4 5 )( 4 6 )( 4 7 )( 4 8 )( 4 9 )( 5 0 )( 5 1 )( 5 2 )( 5 3 )( 5 4 )( 5 6 )( 5 7 )( 5 8 )( 5 9 )( 6 0 )( 6 1 )( 6 3 )( 6 4 )( 6 5 )( 6 6 )( 6 7 )( 6 8 )( 6 9 )( 7 0 )( 7 1 )( 7 4 )( 7 5 )( 7 8 )( 7 9 )( 8 0 )( 8 1 )( 8 2 )( 8 3 )( 8 4 )( 8 5 )( 8 6 )( 8 7 )( 8 9 )( 9 0 )( 9 1 )( 9 3 )( 9 5 )( 9 6 )( 9 7 )( 9 9 )

id: 63 semantics: supports size: 85 arity:2 scope = {[4, 9]
( 0 0 )( 0 2 )( 0 3 )( 0 4 )( 0 5 )( 0 6 )( 0 7 )( 0 8 )( 0 9 )( 1 0 )( 1 1 )( 1 2 )( 1 4 )( 1 5 )( 1 6 )( 1 7 )( 1 9 )( 2 0 )( 2 1 )( 2 2 )( 2 3 )( 2 4 )( 2 6 )( 2 7 )( 2 8 )( 2 9 )( 3 0 )( 3 1 )( 3 2 )( 3 3 )( 3 4 )( 3 5 )( 3 7 )( 3 8 )( 3 9 )( 4 0 )( 4 1 )( 4 2 )( 4 3 )( 4 5 )( 4 6 )( 4 7 )( 4 8 )( 4 9 )( 5 0 )( 5 1 )( 5 2 )( 5 3 )( 5 4 )( 5 5 )( 5 6 )( 5 8 )( 6 0 )( 6 1 )( 6 2 )( 6 3 )( 6 4 )( 6 5 )( 6 6 )( 6 8 )( 6 9 )( 7 1 )( 7 2 )( 7 3 )( 7 4 )( 7 5 )( 7 8 )( 7 9 )( 8 0 )( 8 1 )( 8 2 )( 8 3 )( 8 4 )( 8 5 )( 8 7 )( 8 8 )( 8 9 )( 9 0 )( 9 1 )( 9 2 )( 9 3 )( 9 5 )( 9 6 )( 9 8 )( 9 9 )

id: 64 semantics: supports size: 85 arity:2 scope = {[4, 11]
( 0 0 )( 0 1 )( 0 2 )( 0 3 )( 0 5 )( 0 6 )( 0 7 )( 0 8 )( 1 0 )( 1 1 )( 1 2 )( 1 4 )( 1 5 )( 1 6 )( 1 7 )( 1 9 )( 2 2 )( 2 3 )( 2 4 )( 2 6 )( 2 9 )( 3 0 )( 3 1 )( 3 2 )( 3 3 )( 3 4 )( 3 5 )( 3 6 )( 3 7 )( 3 8 )( 3 9 )( 4 1 )( 4 2 )( 4 3 )( 4 4 )( 4 5 )( 4 6 )( 4 7 )( 4 8 )( 4 9 )( 5 0 )( 5 1 )( 5 2 )( 5 3 )( 5 5 )( 5 6 )( 5 7 )( 5 8 )( 5 9 )( 6 0 )( 6 1 )( 6 2 )( 6 3 )( 6 5 )( 6 7 )( 6 8 )( 6 9 )( 7 0 )( 7 1 )( 7 2 )( 7 3 )( 7 4 )( 7 5 )( 7 6 )( 7 7 )( 7 9 )( 8 0 )( 8 1 )( 8 2 )( 8 3 )( 8 4 )( 8 5 )( 8 6 )( 8 7 )( 8 8 )( 8 9 )( 9 0 )( 9 1 )( 9 2 )( 9 3 )( 9 4 )( 9 5 )( 9 6 )( 9 7 )( 9 8 )

id: 65 semantics: supports size: 85 arity:2 scope = {[4, 13]
( 0 4 )( 0 5 )( 0 6 )( 0 7 )( 0 8 )( 1 0 )( 1 2 )( 1 3 )( 1 4 )( 1 6 )( 1 7 )( 1 8 )( 1 9 )( 2 0 )( 2 1 )( 2 2 )( 2 3 )( 2 4 )( 2 5 )( 2 6 )( 2 7 )( 2 8 )( 2 9 )( 3 0 )( 3 1 )( 3 2 )( 3 3 )( 3 4 )( 3 5 )( 3 8 )( 3 9 )( 4 0 )( 4 1 )( 4 2 )( 4 3 )( 4 4 )( 4 5 )( 4 6 )( 4 7 )( 4 8 )( 4 9 )( 5 0 )( 5 1 )( 5 3 )( 5 4 )( 5 5 )( 5 6 )( 5 7 )( 5 8 )( 5 9 )( 6 0 )( 6 1 )( 6 2 )( 6 3 )( 6 4 )( 6 5 )( 6 6 )( 6 7 )( 6 8 )( 6 9 )( 7 0 )( 7 2 )( 7 3 )( 7 5 )( 7 6 )( 7 7 )( 7 8 )( 7 9 )( 8 0 )( 8 1 )( 8 2 )( 8 5 )( 8 6 )( 8 7 )( 8 8 )( 9 0 )( 9 1 )( 9 2 )( 9 3 )( 9 4 )( 9 5 )( 9 6 )( 9 7 )( 9 8 )( 9 9 )

id: 66 semantics: supports size: 85 arity:2 scope = {[4, 14]
( 0 0 )( 0 2 )( 0 4 )( 0 5 )( 0 6 )( 0 7 )( 0 9 )( 1 0 )( 1 1 )( 1 2 )( 1 3 )( 1 4 )( 1 5 )( 1 6 )( 1 7 )( 1 8 )( 2 0 )( 2 1 )( 2 2 )( 2 3 )( 2 5 )( 2 6 )( 2 7 )( 2 8 )( 2 9 )( 3 0 )( 3 1 )( 3 2 )( 3 3 )( 3 4 )( 3 5 )( 3 6 )( 3 7 )( 3 9 )( 4 1 )( 4 2 )( 4 3 )( 4 5 )( 4 6 )( 4 7 )( 4 8 )( 4 9 )( 5 0 )( 5 1 )( 5 2 )( 5 4 )( 5 5 )( 5 6 )( 5 7 )( 5 8 )( 5 9 )( 6 0 )( 6 1 )( 6 2 )( 6 3 )( 6 4 )( 6 5 )( 6 6 )( 6 8 )( 6 9 )( 7 0 )( 7 1 )( 7 2 )( 7 3 )( 7 4 )( 7 5 )( 7 6 )( 7 7 )( 7 8 )( 8 1 )( 8 2 )( 8 3 )( 8 5 )( 8 6 )( 8 8 )( 8 9 )( 9 0 )( 9 1 )( 9 2 )( 9 4 )( 9 5 )( 9 6 )( 9 7 )( 9 8 )( 9 9 )

id: 67 semantics: supports size: 85 arity:2 scope = {[4, 15]
( 0 2 )( 0 3 )( 0 4 )( 0 5 )( 0 6 )( 0 7 )( 0 8 )( 0 9 )( 1 0 )( 1 1 )( 1 2 )( 1 3 )( 1 4 )( 1 5 )( 1 6 )( 1 7 )( 1 8 )( 1 9 )( 2 0 )( 2 1 )( 2 3 )( 2 5 )( 2 6 )( 2 8 )( 2 9 )( 3 0 )( 3 1 )( 3 2 )( 3 4 )( 3 5 )( 3 7 )( 3 8 )( 3 9 )( 4 1 )( 4 2 )( 4 3 )( 4 5 )( 4 8 )( 4 9 )( 5 0 )( 5 1 )( 5 2 )( 5 3 )( 5 4 )( 5 5 )( 5 7 )( 5 8 )( 5 9 )( 6 0 )( 6 1 )( 6 2 )( 6 3 )( 6 4 )( 6 6 )( 6 7 )( 6 8 )( 6 9 )( 7 0 )( 7 1 )( 7 2 )( 7 3 )( 7 4 )( 7 5 )( 7 6 )( 7 7 )( 7 8 )( 7 9 )( 8 0 )( 8 1 )( 8 2 )( 8 3 )( 8 4 )( 8 5 )( 8 6 )( 8 8 )( 8 9 )( 9 0 )( 9 1 )( 9 2 )( 9 3 )( 9 4 )( 9 5 )( 9 7 )( 9 8 )( 9 9 )

id: 68 semantics: supports size: 85 arity:2 scope = {[4, 16]
( 0 0 )( 0 1 )( 0 3 )( 0 4 )( 0 5 )( 0 6 )( 0 7 )( 0 8 )( 0 9 )( 1 0 )( 1 1 )( 1 2 )( 1 3 )( 1 5 )( 1 6 )( 1 7 )( 1 8 )( 1 9 )( 2 0 )( 2 1 )( 2 2 )( 2 3 )( 2 4 )( 2 5 )( 2 6 )( 2 7 )( 2 8 )( 2 9 )( 3 0 )( 3 1 )( 3 2 )( 3 3 )( 3 4 )( 3 5 )( 3 7 )( 3 8 )( 3 9 )( 4 0 )( 4 1 )( 4 2 )( 4 4 )( 4 5 )( 4 7 )( 4 8 )( 4 9 )( 5 0 )( 5 1 )( 5 4 )( 5 5 )( 5 7 )( 5 8 )( 5 9 )( 6 0 )( 6 1 )( 6 2 )( 6 3 )( 6 5 )( 6 6 )( 6 7 )( 6 8 )( 6 9 )( 7 0 )( 7 1 )( 7 2 )( 7 3 )( 7 4 )( 7 5 )( 7 6 )( 7 7 )( 7 8 )( 7 9 )( 8 0 )( 8 1 )( 8 3 )( 8 4 )( 8 6 )( 8 7 )( 8 8 )( 8 9 )( 9 0 )( 9 1 )( 9 2 )( 9 4 )( 9 5 )( 9 6 )

id: 69 semantics: supports size: 85 arity:2 scope = {[4, 18]
( 0 0 )( 0 1 )( 0 2 )( 0 3 )( 0 4 )( 0 5 )( 0 6 )( 0 7 )( 0 8 )( 0 9 )( 1 0 )( 1 1 )( 1 2 )( 1 4 )( 1 5 )( 1 6 )( 1 7 )( 1 8 )( 1 9 )( 2 1 )( 2 3 )( 2 4 )( 2 6 )( 2 8 )( 2 9 )( 3 0 )( 3 1 )( 3 2 )( 3 3 )( 3 6 )( 3 7 )( 3 8 )( 3 9 )( 4 0 )( 4 2 )( 4 3 )( 4 4 )( 4 5 )( 4 6 )( 4 7 )( 4 8 )( 4 9 )( 5 0 )( 5 1 )( 5 2 )( 5 3 )( 5 4 )( 5 5 )( 5 7 )( 5 8 )( 5 9 )( 6 0 )( 6 1 )( 6 2 )( 6 3 )( 6 5 )( 6 6 )( 6 7 )( 6 8 )( 6 9 )( 7 2 )( 7 3 )( 7 4 )( 7 5 )( 7 6 )( 7 7 )( 7 9 )( 8 0 )( 8 1 )( 8 2 )( 8 3 )( 8 4 )( 8 5 )( 8 6 )( 8 7 )( 8 9 )( 9 0 )( 9 1 )( 9 2 )( 9 3 )( 9 5 )( 9 6 )( 9 7 )( 9 8 )( 9 9 )

id: 70 semantics: supports size: 85 arity:2 scope = {[4, 20]
( 0 0 )( 0 1 )( 0 2 )( 0 3 )( 0 4 )( 0 5 )( 0 7 )( 0 8 )( 0 9 )( 1 0 )( 1 1 )( 1 2 )( 1 3 )( 1 5 )( 1 6 )( 1 8 )( 1 9 )( 2 0 )( 2 1 )( 2 2 )( 2 4 )( 2 5 )( 2 7 )( 2 8 )( 2 9 )( 3 0 )( 3 1 )( 3 2 )( 3 3 )( 3 4 )( 3 5 )( 3 6 )( 3 8 )( 3 9 )( 4 0 )( 4 2 )( 4 3 )( 4 5 )( 4 7 )( 4 8 )( 4 9 )( 5 0 )( 5 1 )( 5 2 )( 5 3 )( 5 4 )( 5 5 )( 5 6 )( 5 7 )( 5 8 )( 5 9 )( 6 0 )( 6 2 )( 6 3 )( 6 4 )( 6 5 )( 6 6 )( 6 7 )( 6 8 )( 7 0 )( 7 1 )( 7 2 )( 7 4 )( 7 5 )( 7 6 )( 7 7 )( 7 8 )( 7 9 )( 8 0 )( 8 2 )( 8 3 )( 8 4 )( 8 5 )( 8 6 )( 8 7 )( 8 8 )( 8 9 )( 9 0 )( 9 1 )( 9 3 )( 9 4 )( 9 6 )( 9 7 )( 9 8 )( 9 9 )

id: 71 semantics: supports size: 85 arity:2 scope = {[4, 21]
( 0 0 )( 0 1 )( 0 2 )( 0 3 )( 0 4 )( 0 5 )( 0 6 )( 0 7 )( 0 9 )( 1 0 )( 1 2 )( 1 3 )( 1 5 )( 1 6 )( 1 7 )( 1 8 )( 1 9 )( 2 1 )( 2 2 )( 2 3 )( 2 4 )( 2 5 )( 2 6 )( 2 7 )( 2 8 )( 2 9 )( 3 0 )( 3 1 )( 3 2 )( 3 4 )( 3 5 )( 3 6 )( 3 7 )( 3 8 )( 3 9 )( 4 0 )( 4 1 )( 4 2 )( 4 3 )( 4 5 )( 4 6 )( 4 7 )( 4 8 )( 4 9 )( 5 0 )( 5 1 )( 5 3 )( 5 4 )( 5 5 )( 5 6 )( 5 7 )( 5 9 )( 6 1 )( 6 3 )( 6 6 )( 6 8 )( 6 9 )( 7 0 )( 7 1 )( 7 2 )( 7 3 )( 7 4 )( 7 5 )( 7 6 )( 7 7 )( 7 8 )( 7 9 )( 8 0 )( 8 1 )( 8 2 )( 8 3 )( 8 4 )( 8 5 )( 8 6 )( 8 7 )( 8 8 )( 8 9 )( 9 0 )( 9 1 )( 9 2 )( 9 4 )( 9 5 )( 9 6 )( 9 7 )( 9 9 )

id: 72 semantics: supports size: 85 arity:2 scope = {[4, 22]
( 0 0 )( 0 2 )( 0 3 )( 0 4 )( 0 5 )( 0 6 )( 0 8 )( 1 0 )( 1 1 )( 1 2 )( 1 4 )( 1 5 )( 1 6 )( 1 7 )( 1 8 )( 1 9 )( 2 0 )( 2 1 )( 2 2 )( 2 3 )( 2 4 )( 2 5 )( 2 6 )( 2 7 )( 2 8 )( 3 0 )( 3 1 )( 3 3 )( 3 4 )( 3 5 )( 3 6 )( 3 7 )( 3 8 )( 3 9 )( 4 0 )( 4 1 )( 4 2 )( 4 4 )( 4 7 )( 4 8 )( 4 9 )( 5 0 )( 5 1 )( 5 2 )( 5 3 )( 5 5 )( 5 7 )( 5 8 )( 6 0 )( 6 1 )( 6 3 )( 6 4 )( 6 5 )( 6 6 )( 6 7 )( 6 8 )( 6 9 )( 7 0 )( 7 1 )( 7 2 )( 7 3 )( 7 5 )( 7 6 )( 7 7 )( 7 8 )( 7 9 )( 8 0 )( 8 1 )( 8 2 )( 8 3 )( 8 4 )( 8 5 )( 8 6 )( 8 7 )( 8 8 )( 9 0 )( 9 1 )( 9 2 )( 9 3 )( 9 4 )( 9 5 )( 9 6 )( 9 7 )( 9 8 )( 9 9 )

id: 73 semantics: supports size: 85 arity:2 scope = {[4, 24]
( 0 0 )( 0 1 )( 0 2 )( 0 3 )( 0 5 )( 0 6 )( 0 8 )( 0 9 )( 1 1 )( 1 2 )( 1 3 )( 1 4 )( 1 6 )( 1 7 )( 1 8 )( 1 9 )( 2 0 )( 2 1 )( 2 2 )( 2 3 )( 2 4 )( 2 5 )( 2 6 )( 2 7 )( 2 8 )( 2 9 )( 3 1 )( 3 2 )( 3 3 )( 3 4 )( 3 6 )( 3 7 )( 3 9 )( 4 0 )( 4 1 )( 4 2 )( 4 3 )( 4 4 )( 4 5 )( 4 6 )( 4 7 )( 4 9 )( 5 0 )( 5 1 )( 5 2 )( 5 3 )( 5 4 )( 5 6 )( 5 7 )( 5 8 )( 5 9 )( 6 0 )( 6 1 )( 6 2 )( 6 3 )( 6 5 )( 6 6 )( 6 7 )( 6 8 )( 6 9 )( 7 1 )( 7 3 )( 7 4 )( 7 5 )( 7 6 )( 7 7 )( 7 8 )( 7 9 )( 8 0 )( 8 1 )( 8 2 )( 8 3 )( 8 4 )( 8 5 )( 8 6 )( 8 7 )( 8 8 )( 8 9 )( 9 0 )( 9 1 )( 9 4 )( 9 5 )( 9 6 )( 9 7 )( 9 9 )

id: 74 semantics: supports size: 85 arity:2 scope = {[5, 6]
( 0 0 )( 0 1 )( 0 2 )( 0 5 )( 0 6 )( 0 8 )( 0 9 )( 1 0 )( 1 1 )( 1 2 )( 1 3 )( 1 4 )( 1 5 )( 1 6 )( 1 7 )( 1 9 )( 2 0 )( 2 1 )( 2 2 )( 2 3 )( 2 4 )( 2 5 )( 2 6 )( 2 7 )( 2 9 )( 3 0 )( 3 1 )( 3 2 )( 3 3 )( 3 4 )( 3 5 )( 3 6 )( 3 7 )( 3 9 )( 4 0 )( 4 1 )( 4 2 )( 4 3 )( 4 4 )( 4 5 )( 4 6 )( 4 7 )( 4 8 )( 5 0 )( 5 1 )( 5 3 )( 5 4 )( 5 5 )( 5 6 )( 5 7 )( 5 8 )( 5 9 )( 6 1 )( 6 2 )( 6 3 )( 6 4 )( 6 6 )( 6 7 )( 6 8 )( 6 9 )( 7 0 )( 7 1 )( 7 2 )( 7 4 )( 7 5 )( 7 6 )( 7 8 )( 7 9 )( 8 0 )( 8 1 )( 8 2 )( 8 4 )( 8 5 )( 8 6 )( 8 7 )( 8 8 )( 8 9 )( 9 0 )( 9 1 )( 9 2 )( 9 3 )( 9 5 )( 9 6 )( 9 7 )( 9 9 )

id: 75 semantics: supports size: 85 arity:2 scope = {[5, 9]
( 0 0 )( 0 1 )( 0 2 )( 0 3 )( 0 4 )( 0 5 )( 0 6 )( 0 7 )( 0 8 )( 0 9 )( 1 0 )( 1 1 )( 1 2 )( 1 3 )( 1 4 )( 1 5 )( 1 7 )( 1 9 )( 2 0 )( 2 1 )( 2 2 )( 2 3 )( 2 4 )( 2 5 )( 2 6 )( 2 7 )( 2 8 )( 2 9 )( 3 1 )( 3 2 )( 3 3 )( 3 4 )( 3 6 )( 3 7 )( 3 8 )( 4 1 )( 4 2 )( 4 4 )( 4 5 )( 4 6 )( 4 7 )( 4 8 )( 4 9 )( 5 0 )( 5 1 )( 5 2 )( 5 4 )( 5 5 )( 5 6 )( 5 7 )( 5 8 )( 5 9 )( 6 0 )( 6 1 )( 6 2 )( 6 3 )( 6 4 )( 6 5 )( 6 6 )( 6 7 )( 6 8 )( 7 0 )( 7 1 )( 7 4 )( 7 5 )( 7 6 )( 7 7 )( 7 8 )( 7 9 )( 8 0 )( 8 2 )( 8 4 )( 8 5 )( 8 6 )( 8 7 )( 8 8 )( 8 9 )( 9 0 )( 9 2 )( 9 4 )( 9 5 )( 9 6 )( 9 7 )( 9 8 )( 9 9 )

id: 76 semantics: supports size: 85 arity:2 scope = {[5, 10]
( 0 1 )( 0 2 )( 0 3 )( 0 4 )( 0 5 )( 0 7 )( 0 9 )( 1 0 )( 1 1 )( 1 2 )( 1 3 )( 1 5 )( 1 6 )( 1 7 )( 1 8 )( 1 9 )( 2 0 )( 2 1 )( 2 2 )( 2 3 )( 2 4 )( 2 5 )( 2 6 )( 2 7 )( 2 8 )( 2 9 )( 3 0 )( 3 1 )( 3 3 )( 3 5 )( 3 6 )( 3 7 )( 3 8 )( 3 9 )( 4 0 )( 4 1 )( 4 2 )( 4 4 )( 4 5 )( 4 7 )( 4 9 )( 5 2 )( 5 3 )( 5 4 )( 5 5 )( 5 7 )( 5 8 )( 5 9 )( 6 1 )( 6 2 )( 6 4 )( 6 5 )( 6 6 )( 6 7 )( 6 8 )( 6 9 )( 7 0 )( 7 1 )( 7 2 )( 7 3 )( 7 4 )( 7 5 )( 7 6 )( 7 7 )( 7 8 )( 7 9 )( 8 0 )( 8 1 )( 8 2 )( 8 3 )( 8 4 )( 8 5 )( 8 7 )( 8 8 )( 8 9 )( 9 0 )( 9 1 )( 9 2 )( 9 3 )( 9 4 )( 9 5 )( 9 6 )( 9 7 )( 9 8 )( 9 9 )

id: 77 semantics: supports size: 85 arity:2 scope = {[5, 11]
( 0 2 )( 0 3 )( 0 4 )( 0 5 )( 0 6 )( 0 7 )( 0 8 )( 0 9 )( 1 0 )( 1 1 )( 1 2 )( 1 3 )( 1 4 )( 1 6 )( 1 8 )( 1 9 )( 2 0 )( 2 1 )( 2 2 )( 2 3 )( 2 4 )( 2 6 )( 2 7 )( 2 8 )( 2 9 )( 3 0 )( 3 1 )( 3 2 )( 3 3 )( 3 4 )( 3 5 )( 3 6 )( 3 7 )( 3 9 )( 4 0 )( 4 1 )( 4 2 )( 4 3 )( 4 4 )( 4 6 )( 4 7 )( 4 9 )( 5 0 )( 5 1 )( 5 2 )( 5 4 )( 5 5 )( 5 6 )( 5 7 )( 5 8 )( 5 9 )( 6 0 )( 6 1 )( 6 2 )( 6 3 )( 6 4 )( 6 5 )( 6 6 )( 6 7 )( 6 8 )( 6 9 )( 7 0 )( 7 1 )( 7 2 )( 7 3 )( 7 4 )( 7 5 )( 7 6 )( 7 7 )( 7 9 )( 8 0 )( 8 1 )( 8 2 )( 8 3 )( 8 4 )( 8 5 )( 8 6 )( 8 9 )( 9 1 )( 9 3 )( 9 4 )( 9 5 )( 9 6 )( 9 7 )( 9 9 )

id: 78 semantics: supports size: 85 arity:2 scope = {[5, 12]
( 0 1 )( 0 2 )( 0 3 )( 0 4 )( 0 5 )( 0 7 )( 0 8 )( 0 9 )( 1 0 )( 1 1 )( 1 2 )( 1 3 )( 1 4 )( 1 5 )( 1 6 )( 1 9 )( 2 1 )( 2 2 )( 2 3 )( 2 4 )( 2 5 )( 2 6 )( 2 7 )( 2 8 )( 2 9 )( 3 0 )( 3 1 )( 3 2 )( 3 3 )( 3 4 )( 3 5 )( 3 6 )( 3 7 )( 3 9 )( 4 0 )( 4 1 )( 4 2 )( 4 3 )( 4 5 )( 4 6 )( 4 7 )( 4 8 )( 4 9 )( 5 1 )( 5 2 )( 5 3 )( 5 4 )( 5 6 )( 5 7 )( 5 8 )( 5 9 )( 6 0 )( 6 1 )( 6 2 )( 6 3 )( 6 4 )( 6 5 )( 6 6 )( 6 7 )( 6 8 )( 6 9 )( 7 0 )( 7 1 )( 7 2 )( 7 3 )( 7 4 )( 7 5 )( 7 7 )( 7 8 )( 7 9 )( 8 0 )( 8 1 )( 8 3 )( 8 4 )( 8 5 )( 8 7 )( 8 8 )( 8 9 )( 9 1 )( 9 3 )( 9 5 )( 9 6 )( 9 7 )( 9 8 )( 9 9 )

id: 79 semantics: supports size: 85 arity:2 scope = {[5, 14]
( 0 0 )( 0 1 )( 0 2 )( 0 4 )( 0 5 )( 0 6 )( 0 7 )( 0 8 )( 0 9 )( 1 0 )( 1 1 )( 1 2 )( 1 3 )( 1 4 )( 1 5 )( 1 6 )( 1 7 )( 1 8 )( 1 9 )( 2 0 )( 2 1 )( 2 3 )( 2 4 )( 2 5 )( 2 6 )( 2 8 )( 2 9 )( 3 0 )( 3 2 )( 3 3 )( 3 4 )( 3 5 )( 3 6 )( 3 7 )( 3 8 )( 3 9 )( 4 1 )( 4 2 )( 4 3 )( 4 6 )( 4 7 )( 4 8 )( 4 9 )( 5 0 )( 5 1 )( 5 2 )( 5 3 )( 5 4 )( 5 6 )( 5 7 )( 5 8 )( 5 9 )( 6 0 )( 6 1 )( 6 2 )( 6 5 )( 6 6 )( 6 7 )( 6 8 )( 7 0 )( 7 1 )( 7 3 )( 7 4 )( 7 5 )( 7 6 )( 7 7 )( 7 8 )( 7 9 )( 8 0 )( 8 1 )( 8 2 )( 8 3 )( 8 4 )( 8 5 )( 8 6 )( 8 7 )( 8 9 )( 9 0 )( 9 1 )( 9 2 )( 9 3 )( 9 4 )( 9 5 )( 9 7 )( 9 9 )

id: 80 semantics: supports size: 85 arity:2 scope = {[5, 19]
( 0 0 )( 0 1 )( 0 3 )( 0 4 )( 0 5 )( 0 6 )( 0 7 )( 0 8 )( 0 9 )( 1 0 )( 1 1 )( 1 2 )( 1 3 )( 1 5 )( 1 6 )( 1 7 )( 1 8 )( 1 9 )( 2 0 )( 2 1 )( 2 2 )( 2 3 )( 2 4 )( 2 5 )( 2 7 )( 2 8 )( 2 9 )( 3 0 )( 3 2 )( 3 4 )( 3 6 )( 3 7 )( 3 8 )( 3 9 )( 4 0 )( 4 1 )( 4 2 )( 4 3 )( 4 4 )( 4 5 )( 4 6 )( 4 7 )( 4 8 )( 4 9 )( 5 1 )( 5 2 )( 5 3 )( 5 5 )( 5 6 )( 5 7 )( 5 8 )( 6 0 )( 6 2 )( 6 3 )( 6 4 )( 6 5 )( 6 6 )( 6 7 )( 6 8 )( 6 9 )( 7 0 )( 7 1 )( 7 2 )( 7 3 )( 7 4 )( 7 6 )( 7 7 )( 7 8 )( 7 9 )( 8 0 )( 8 1 )( 8 3 )( 8 4 )( 8 6 )( 8 7 )( 8 8 )( 8 9 )( 9 0 )( 9 1 )( 9 3 )( 9 4 )( 9 5 )( 9 7 )( 9 8 )( 9 9 )

id: 81 semantics: supports size: 85 arity:2 scope = {[5, 22]
( 0 0 )( 0 1 )( 0 2 )( 0 4 )( 0 5 )( 0 7 )( 0 8 )( 0 9 )( 1 0 )( 1 1 )( 1 2 )( 1 3 )( 1 5 )( 1 6 )( 1 7 )( 1 8 )( 1 9 )( 2 0 )( 2 1 )( 2 2 )( 2 5 )( 2 6 )( 2 9 )( 3 0 )( 3 1 )( 3 2 )( 3 3 )( 3 4 )( 3 5 )( 3 6 )( 3 7 )( 3 8 )( 3 9 )( 4 0 )( 4 1 )( 4 2 )( 4 3 )( 4 4 )( 4 5 )( 4 7 )( 4 8 )( 4 9 )( 5 0 )( 5 1 )( 5 2 )( 5 3 )( 5 4 )( 5 5 )( 5 6 )( 5 7 )( 5 8 )( 5 9 )( 6 0 )( 6 2 )( 6 3 )( 6 4 )( 6 6 )( 6 7 )( 6 8 )( 6 9 )( 7 0 )( 7 1 )( 7 2 )( 7 3 )( 7 4 )( 7 5 )( 7 6 )( 7 7 )( 7 8 )( 8 1 )( 8 2 )( 8 3 )( 8 4 )( 8 6 )( 8 7 )( 8 8 )( 8 9 )( 9 0 )( 9 1 )( 9 2 )( 9 3 )( 9 4 )( 9 5 )( 9 7 )( 9 8 )

id: 82 semantics: supports size: 85 arity:2 scope = {[5, 24]
( 0 0 )( 0 1 )( 0 2 )( 0 3 )( 0 4 )( 0 5 )( 0 9 )( 1 0 )( 1 1 )( 1 2 )( 1 4 )( 1 5 )( 1 6 )( 1 7 )( 1 8 )( 1 9 )( 2 0 )( 2 1 )( 2 2 )( 2 4 )( 2 5 )( 2 6 )( 2 8 )( 2 9 )( 3 0 )( 3 1 )( 3 2 )( 3 3 )( 3 4 )( 3 6 )( 3 7 )( 3 8 )( 3 9 )( 4 0 )( 4 1 )( 4 2 )( 4 4 )( 4 5 )( 4 6 )( 4 7 )( 4 8 )( 4 9 )( 5 0 )( 5 1 )( 5 2 )( 5 3 )( 5 4 )( 5 5 )( 5 6 )( 5 7 )( 5 8 )( 5 9 )( 6 0 )( 6 1 )( 6 2 )( 6 3 )( 6 4 )( 6 5 )( 6 6 )( 6 8 )( 6 9 )( 7 0 )( 7 1 )( 7 2 )( 7 3 )( 7 4 )( 7 5 )( 7 6 )( 7 8 )( 7 9 )( 8 0 )( 8 1 )( 8 2 )( 8 6 )( 8 7 )( 8 8 )( 8 9 )( 9 0 )( 9 1 )( 9 2 )( 9 4 )( 9 5 )( 9 6 )( 9 7 )( 9 9 )

id: 83 semantics: supports size: 85 arity:2 scope = {[6, 7]
( 0 0 )( 0 2 )( 0 3 )( 0 4 )( 0 5 )( 0 6 )( 0 7 )( 0 8 )( 0 9 )( 1 0 )( 1 1 )( 1 2 )( 1 3 )( 1 4 )( 1 5 )( 1 6 )( 1 7 )( 1 8 )( 1 9 )( 2 0 )( 2 2 )( 2 4 )( 2 5 )( 2 6 )( 2 8 )( 2 9 )( 3 0 )( 3 1 )( 3 3 )( 3 4 )( 3 5 )( 3 7 )( 3 8 )( 3 9 )( 4 0 )( 4 1 )( 4 2 )( 4 3 )( 4 4 )( 4 5 )( 4 6 )( 4 7 )( 4 8 )( 4 9 )( 5 0 )( 5 1 )( 5 3 )( 5 4 )( 5 5 )( 5 6 )( 5 7 )( 5 9 )( 6 0 )( 6 1 )( 6 2 )( 6 3 )( 6 4 )( 6 5 )( 6 7 )( 6 8 )( 6 9 )( 7 0 )( 7 1 )( 7 3 )( 7 6 )( 7 8 )( 7 9 )( 8 0 )( 8 1 )( 8 2 )( 8 3 )( 8 4 )( 8 5 )( 8 6 )( 8 7 )( 8 9 )( 9 0 )( 9 1 )( 9 2 )( 9 4 )( 9 5 )( 9 6 )( 9 7 )( 9 8 )( 9 9 )

id: 84 semantics: supports size: 85 arity:2 scope = {[6, 8]
( 0 0 )( 0 1 )( 0 2 )( 0 3 )( 0 4 )( 0 5 )( 0 6 )( 0 8 )( 0 9 )( 1 1 )( 1 2 )( 1 3 )( 1 4 )( 1 7 )( 1 9 )( 2 0 )( 2 1 )( 2 2 )( 2 3 )( 2 4 )( 2 6 )( 2 9 )( 3 2 )( 3 3 )( 3 4 )( 3 5 )( 3 6 )( 3 7 )( 3 8 )( 3 9 )( 4 0 )( 4 1 )( 4 2 )( 4 3 )( 4 4 )( 4 5 )( 4 7 )( 4 8 )( 4 9 )( 5 0 )( 5 1 )( 5 2 )( 5 3 )( 5 4 )( 5 5 )( 5 6 )( 5 7 )( 5 8 )( 5 9 )( 6 0 )( 6 1 )( 6 2 )( 6 4 )( 6 5 )( 6 6 )( 6 7 )( 6 8 )( 6 9 )( 7 1 )( 7 2 )( 7 3 )( 7 4 )( 7 5 )( 7 6 )( 7 7 )( 7 8 )( 8 0 )( 8 1 )( 8 2 )( 8 3 )( 8 4 )( 8 5 )( 8 6 )( 8 7 )( 8 8 )( 8 9 )( 9 0 )( 9 1 )( 9 2 )( 9 3 )( 9 5 )( 9 6 )( 9 7 )( 9 8 )( 9 9 )

id: 85 semantics: supports size: 85 arity:2 scope = {[6, 9]
( 0 0 )( 0 1 )( 0 2 )( 0 3 )( 0 5 )( 0 6 )( 0 7 )( 0 8 )( 0 9 )( 1 0 )( 1 1 )( 1 2 )( 1 4 )( 1 5 )( 1 6 )( 1 7 )( 1 8 )( 1 9 )( 2 1 )( 2 2 )( 2 3 )( 2 4 )( 2 5 )( 2 7 )( 2 8 )( 2 9 )( 3 1 )( 3 2 )( 3 3 )( 3 5 )( 3 7 )( 3 8 )( 3 9 )( 4 1 )( 4 2 )( 4 3 )( 4 4 )( 4 6 )( 4 7 )( 4 8 )( 4 9 )( 5 0 )( 5 1 )( 5 2 )( 5 3 )( 5 4 )( 5 5 )( 5 7 )( 5 8 )( 6 0 )( 6 1 )( 6 2 )( 6 3 )( 6 4 )( 6 5 )( 6 7 )( 6 8 )( 6 9 )( 7 1 )( 7 2 )( 7 3 )( 7 4 )( 7 5 )( 7 6 )( 7 7 )( 7 8 )( 7 9 )( 8 0 )( 8 1 )( 8 2 )( 8 3 )( 8 5 )( 8 6 )( 8 7 )( 8 8 )( 8 9 )( 9 0 )( 9 1 )( 9 2 )( 9 3 )( 9 4 )( 9 5 )( 9 6 )( 9 7 )( 9 8 )

id: 86 semantics: supports size: 85 arity:2 scope = {[6, 10]
( 0 0 )( 0 1 )( 0 2 )( 0 3 )( 0 4 )( 0 5 )( 0 6 )( 0 7 )( 0 9 )( 1 0 )( 1 1 )( 1 2 )( 1 3 )( 1 4 )( 1 5 )( 1 6 )( 1 7 )( 1 8 )( 2 2 )( 2 3 )( 2 4 )( 2 5 )( 2 6 )( 2 7 )( 2 8 )( 2 9 )( 3 0 )( 3 1 )( 3 2 )( 3 3 )( 3 4 )( 3 5 )( 3 6 )( 3 7 )( 3 8 )( 3 9 )( 4 0 )( 4 1 )( 4 2 )( 4 3 )( 4 4 )( 4 6 )( 4 7 )( 4 8 )( 4 9 )( 5 3 )( 5 5 )( 5 6 )( 5 7 )( 5 8 )( 5 9 )( 6 0 )( 6 1 )( 6 3 )( 6 4 )( 6 5 )( 6 6 )( 6 7 )( 6 8 )( 6 9 )( 7 0 )( 7 2 )( 7 3 )( 7 4 )( 7 6 )( 7 7 )( 7 8 )( 7 9 )( 8 0 )( 8 1 )( 8 3 )( 8 4 )( 8 6 )( 8 7 )( 8 8 )( 8 9 )( 9 0 )( 9 1 )( 9 3 )( 9 4 )( 9 5 )( 9 6 )( 9 7 )( 9 8 )( 9 9 )

id: 87 semantics: supports size: 85 arity:2 scope = {[6, 11]
( 0 0 )( 0 1 )( 0 2 )( 0 3 )( 0 4 )( 0 5 )( 0 6 )( 0 7 )( 0 8 )( 0 9 )( 1 1 )( 1 3 )( 1 5 )( 1 6 )( 1 8 )( 2 0 )( 2 1 )( 2 2 )( 2 3 )( 2 4 )( 2 6 )( 2 7 )( 2 8 )( 2 9 )( 3 0 )( 3 3 )( 3 4 )( 3 5 )( 3 6 )( 3 7 )( 3 8 )( 3 9 )( 4 0 )( 4 1 )( 4 2 )( 4 3 )( 4 4 )( 4 5 )( 4 6 )( 4 7 )( 4 8 )( 5 0 )( 5 1 )( 5 4 )( 5 5 )( 5 6 )( 5 8 )( 5 9 )( 6 0 )( 6 1 )( 6 2 )( 6 4 )( 6 5 )( 6 7 )( 6 8 )( 6 9 )( 7 1 )( 7 2 )( 7 3 )( 7 4 )( 7 5 )( 7 6 )( 7 7 )( 7 8 )( 7 9 )( 8 0 )( 8 1 )( 8 2 )( 8 3 )( 8 4 )( 8 5 )( 8 6 )( 8 7 )( 8 8 )( 8 9 )( 9 0 )( 9 1 )( 9 2 )( 9 3 )( 9 4 )( 9 5 )( 9 6 )( 9 7 )( 9 8 )( 9 9 )

id: 88 semantics: supports size: 85 arity:2 scope = {[6, 12]
( 0 0 )( 0 1 )( 0 2 )( 0 3 )( 0 4 )( 0 6 )( 0 7 )( 0 8 )( 0 9 )( 1 0 )( 1 1 )( 1 2 )( 1 3 )( 1 5 )( 1 6 )( 1 7 )( 1 8 )( 1 9 )( 2 1 )( 2 2 )( 2 3 )( 2 4 )( 2 5 )( 2 6 )( 2 7 )( 2 8 )( 2 9 )( 3 0 )( 3 1 )( 3 2 )( 3 3 )( 3 4 )( 3 5 )( 3 7 )( 3 8 )( 3 9 )( 4 0 )( 4 1 )( 4 2 )( 4 4 )( 4 5 )( 4 6 )( 4 7 )( 5 1 )( 5 2 )( 5 3 )( 5 4 )( 5 5 )( 5 6 )( 5 7 )( 5 8 )( 6 0 )( 6 1 )( 6 2 )( 6 4 )( 6 5 )( 6 7 )( 6 8 )( 6 9 )( 7 0 )( 7 1 )( 7 2 )( 7 3 )( 7 6 )( 7 7 )( 7 8 )( 7 9 )( 8 0 )( 8 1 )( 8 2 )( 8 3 )( 8 4 )( 8 6 )( 8 7 )( 8 8 )( 9 0 )( 9 1 )( 9 2 )( 9 3 )( 9 4 )( 9 5 )( 9 6 )( 9 7 )( 9 8 )( 9 9 )

id: 89 semantics: supports size: 85 arity:2 scope = {[6, 13]
( 0 0 )( 0 1 )( 0 2 )( 0 4 )( 0 5 )( 0 6 )( 0 7 )( 0 8 )( 0 9 )( 1 0 )( 1 1 )( 1 2 )( 1 3 )( 1 4 )( 1 5 )( 1 6 )( 1 8 )( 1 9 )( 2 0 )( 2 1 )( 2 2 )( 2 3 )( 2 4 )( 2 5 )( 2 6 )( 2 8 )( 2 9 )( 3 1 )( 3 2 )( 3 3 )( 3 4 )( 3 5 )( 3 6 )( 3 8 )( 4 0 )( 4 1 )( 4 2 )( 4 3 )( 4 5 )( 4 6 )( 4 7 )( 4 9 )( 5 0 )( 5 1 )( 5 3 )( 5 4 )( 5 5 )( 5 6 )( 5 7 )( 5 8 )( 5 9 )( 6 0 )( 6 2 )( 6 3 )( 6 4 )( 6 5 )( 6 6 )( 6 8 )( 6 9 )( 7 0 )( 7 1 )( 7 2 )( 7 3 )( 7 4 )( 7 5 )( 7 6 )( 7 7 )( 7 9 )( 8 1 )( 8 2 )( 8 3 )( 8 4 )( 8 6 )( 8 7 )( 8 8 )( 8 9 )( 9 0 )( 9 1 )( 9 2 )( 9 3 )( 9 4 )( 9 5 )( 9 7 )( 9 8 )( 9 9 )

id: 90 semantics: supports size: 85 arity:2 scope = {[6, 14]
( 0 0 )( 0 1 )( 0 2 )( 0 3 )( 0 4 )( 0 5 )( 0 6 )( 0 7 )( 1 0 )( 1 1 )( 1 2 )( 1 3 )( 1 4 )( 1 5 )( 1 7 )( 1 8 )( 1 9 )( 2 2 )( 2 3 )( 2 4 )( 2 5 )( 2 6 )( 2 7 )( 2 8 )( 2 9 )( 3 0 )( 3 1 )( 3 2 )( 3 3 )( 3 4 )( 3 5 )( 3 6 )( 3 8 )( 3 9 )( 4 0 )( 4 1 )( 4 2 )( 4 3 )( 4 4 )( 4 6 )( 4 7 )( 4 8 )( 4 9 )( 5 0 )( 5 2 )( 5 3 )( 5 4 )( 5 5 )( 5 6 )( 5 7 )( 5 9 )( 6 0 )( 6 1 )( 6 2 )( 6 3 )( 6 4 )( 6 5 )( 6 6 )( 6 7 )( 6 8 )( 6 9 )( 7 0 )( 7 2 )( 7 3 )( 7 4 )( 7 5 )( 7 6 )( 7 9 )( 8 0 )( 8 1 )( 8 2 )( 8 3 )( 8 5 )( 8 6 )( 8 7 )( 8 8 )( 8 9 )( 9 0 )( 9 1 )( 9 2 )( 9 3 )( 9 5 )( 9 6 )( 9 7 )( 9 9 )

id: 91 semantics: supports size: 85 arity:2 scope = {[6, 15]
( 0 0 )( 0 2 )( 0 3 )( 0 4 )( 0 5 )( 0 6 )( 0 7 )( 0 8 )( 0 9 )( 1 0 )( 1 2 )( 1 3 )( 1 4 )( 1 5 )( 1 6 )( 1 8 )( 1 9 )( 2 0 )( 2 1 )( 2 2 )( 2 4 )( 2 5 )( 2 6 )( 2 7 )( 2 8 )( 2 9 )( 3 0 )( 3 1 )( 3 2 )( 3 3 )( 3 4 )( 3 6 )( 3 7 )( 3 9 )( 4 0 )( 4 1 )( 4 2 )( 4 3 )( 4 4 )( 4 6 )( 4 7 )( 4 8 )( 4 9 )( 5 0 )( 5 1 )( 5 2 )( 5 3 )( 5 4 )( 5 5 )( 5 6 )( 5 7 )( 5 8 )( 5 9 )( 6 0 )( 6 1 )( 6 2 )( 6 3 )( 6 4 )( 6 6 )( 6 7 )( 6 8 )( 7 1 )( 7 2 )( 7 3 )( 7 4 )( 7 5 )( 7 6 )( 7 7 )( 7 8 )( 8 0 )( 8 1 )( 8 3 )( 8 4 )( 8 6 )( 8 7 )( 8 8 )( 8 9 )( 9 1 )( 9 3 )( 9 4 )( 9 5 )( 9 6 )( 9 7 )( 9 8 )( 9 9 )

id: 92 semantics: supports size: 85 arity:2 scope = {[6, 16]
( 0 1 )( 0 2 )( 0 3 )( 0 4 )( 0 5 )( 0 6 )( 0 7 )( 0 8 )( 0 9 )( 1 0 )( 1 1 )( 1 2 )( 1 3 )( 1 4 )( 1 5 )( 1 7 )( 1 8 )( 1 9 )( 2 0 )( 2 1 )( 2 2 )( 2 3 )( 2 5 )( 2 6 )( 2 7 )( 2 8 )( 2 9 )( 3 2 )( 3 3 )( 3 4 )( 3 5 )( 3 6 )( 3 8 )( 3 9 )( 4 1 )( 4 2 )( 4 3 )( 4 4 )( 4 5 )( 4 6 )( 4 7 )( 4 8 )( 4 9 )( 5 0 )( 5 1 )( 5 2 )( 5 3 )( 5 5 )( 5 6 )( 5 7 )( 5 8 )( 6 1 )( 6 2 )( 6 3 )( 6 5 )( 6 6 )( 6 7 )( 6 8 )( 6 9 )( 7 0 )( 7 1 )( 7 4 )( 7 5 )( 7 6 )( 7 7 )( 7 8 )( 7 9 )( 8 0 )( 8 1 )( 8 2 )( 8 3 )( 8 4 )( 8 6 )( 8 7 )( 8 8 )( 8 9 )( 9 0 )( 9 1 )( 9 2 )( 9 3 )( 9 4 )( 9 5 )( 9 6 )( 9 7 )( 9 8 )

id: 93 semantics: supports size: 85 arity:2 scope = {[6, 18]
( 0 0 )( 0 1 )( 0 2 )( 0 3 )( 0 4 )( 0 5 )( 0 6 )( 0 7 )( 0 8 )( 1 0 )( 1 1 )( 1 2 )( 1 3 )( 1 5 )( 1 7 )( 1 8 )( 1 9 )( 2 0 )( 2 1 )( 2 2 )( 2 4 )( 2 5 )( 2 6 )( 2 7 )( 2 8 )( 2 9 )( 3 0 )( 3 1 )( 3 2 )( 3 3 )( 3 4 )( 3 5 )( 3 6 )( 3 7 )( 3 8 )( 4 0 )( 4 1 )( 4 2 )( 4 4 )( 4 5 )( 4 6 )( 4 7 )( 4 8 )( 4 9 )( 5 0 )( 5 1 )( 5 6 )( 5 7 )( 5 8 )( 5 9 )( 6 0 )( 6 1 )( 6 2 )( 6 3 )( 6 4 )( 6 5 )( 6 6 )( 6 7 )( 6 8 )( 6 9 )( 7 1 )( 7 4 )( 7 5 )( 7 6 )( 7 7 )( 7 8 )( 7 9 )( 8 0 )( 8 1 )( 8 2 )( 8 4 )( 8 5 )( 8 6 )( 8 8 )( 8 9 )( 9 0 )( 9 1 )( 9 2 )( 9 3 )( 9 4 )( 9 5 )( 9 6 )( 9 7 )( 9 8 )( 9 9 )

id: 94 semantics: supports size: 85 arity:2 scope = {[6, 19]
( 0 0 )( 0 1 )( 0 2 )( 0 3 )( 0 4 )( 0 5 )( 0 6 )( 0 8 )( 0 9 )( 1 0 )( 1 1 )( 1 4 )( 1 5 )( 1 6 )( 1 7 )( 1 8 )( 1 9 )( 2 0 )( 2 1 )( 2 2 )( 2 3 )( 2 4 )( 2 6 )( 2 7 )( 2 8 )( 2 9 )( 3 0 )( 3 1 )( 3 2 )( 3 3 )( 3 5 )( 3 6 )( 3 7 )( 3 8 )( 3 9 )( 4 0 )( 4 2 )( 4 3 )( 4 5 )( 4 6 )( 4 7 )( 4 8 )( 4 9 )( 5 1 )( 5 2 )( 5 4 )( 5 6 )( 5 7 )( 5 8 )( 5 9 )( 6 0 )( 6 3 )( 6 4 )( 6 5 )( 6 6 )( 6 7 )( 6 8 )( 6 9 )( 7 0 )( 7 1 )( 7 2 )( 7 3 )( 7 4 )( 7 7 )( 7 8 )( 7 9 )( 8 0 )( 8 1 )( 8 2 )( 8 3 )( 8 4 )( 8 5 )( 8 6 )( 8 7 )( 8 8 )( 8 9 )( 9 0 )( 9 1 )( 9 3 )( 9 4 )( 9 5 )( 9 6 )( 9 7 )( 9 8 )( 9 9 )

id: 95 semantics: supports size: 85 arity:2 scope = {[6, 23]
( 0 0 )( 0 1 )( 0 2 )( 0 3 )( 0 4 )( 0 5 )( 0 6 )( 0 7 )( 0 8 )( 0 9 )( 1 0 )( 1 1 )( 1 4 )( 1 5 )( 1 6 )( 1 7 )( 1 8 )( 1 9 )( 2 0 )( 2 1 )( 2 4 )( 2 5 )( 2 7 )( 2 8 )( 2 9 )( 3 0 )( 3 1 )( 3 2 )( 3 3 )( 3 4 )( 3 5 )( 3 6 )( 3 7 )( 3 8 )( 3 9 )( 4 0 )( 4 2 )( 4 4 )( 4 5 )( 4 6 )( 4 7 )( 4 8 )( 5 0 )( 5 1 )( 5 2 )( 5 3 )( 5 4 )( 5 6 )( 5 7 )( 5 9 )( 6 0 )( 6 1 )( 6 2 )( 6 3 )( 6 4 )( 6 5 )( 6 6 )( 6 7 )( 6 9 )( 7 0 )( 7 1 )( 7 2 )( 7 3 )( 7 4 )( 7 5 )( 7 6 )( 7 7 )( 7 8 )( 8 0 )( 8 1 )( 8 2 )( 8 4 )( 8 5 )( 8 6 )( 8 7 )( 8 9 )( 9 0 )( 9 1 )( 9 2 )( 9 3 )( 9 5 )( 9 6 )( 9 7 )( 9 8 )( 9 9 )

id: 96 semantics: supports size: 85 arity:2 scope = {[7, 9]
( 0 1 )( 0 2 )( 0 3 )( 0 4 )( 0 5 )( 0 6 )( 0 7 )( 0 8 )( 0 9 )( 1 0 )( 1 1 )( 1 2 )( 1 3 )( 1 5 )( 1 6 )( 1 7 )( 1 8 )( 2 0 )( 2 1 )( 2 2 )( 2 3 )( 2 4 )( 2 5 )( 2 6 )( 2 7 )( 2 8 )( 2 9 )( 3 1 )( 3 2 )( 3 3 )( 3 4 )( 3 5 )( 3 6 )( 3 7 )( 3 8 )( 3 9 )( 4 0 )( 4 2 )( 4 3 )( 4 4 )( 4 6 )( 4 7 )( 4 8 )( 4 9 )( 5 0 )( 5 1 )( 5 2 )( 5 3 )( 5 4 )( 5 6 )( 5 7 )( 6 0 )( 6 1 )( 6 2 )( 6 3 )( 6 4 )( 6 5 )( 6 6 )( 6 7 )( 6 8 )( 6 9 )( 7 0 )( 7 1 )( 7 2 )( 7 3 )( 7 4 )( 7 5 )( 7 6 )( 7 9 )( 8 0 )( 8 1 )( 8 2 )( 8 3 )( 8 5 )( 8 7 )( 8 8 )( 8 9 )( 9 0 )( 9 1 )( 9 2 )( 9 3 )( 9 4 )( 9 5 )( 9 8 )( 9 9 )

id: 97 semantics: supports size: 85 arity:2 scope = {[7, 10]
( 0 0 )( 0 1 )( 0 2 )( 0 3 )( 0 4 )( 0 5 )( 0 6 )( 0 7 )( 0 8 )( 1 0 )( 1 1 )( 1 2 )( 1 3 )( 1 4 )( 1 6 )( 1 7 )( 1 8 )( 1 9 )( 2 1 )( 2 2 )( 2 3 )( 2 4 )( 2 6 )( 2 7 )( 2 8 )( 3 0 )( 3 1 )( 3 2 )( 3 4 )( 3 5 )( 3 6 )( 3 7 )( 3 8 )( 3 9 )( 4 0 )( 4 3 )( 4 4 )( 4 6 )( 4 7 )( 4 8 )( 4 9 )( 5 0 )( 5 1 )( 5 2 )( 5 3 )( 5 4 )( 5 5 )( 5 6 )( 5 7 )( 5 8 )( 6 0 )( 6 1 )( 6 2 )( 6 4 )( 6 5 )( 6 6 )( 6 7 )( 6 8 )( 6 9 )( 7 0 )( 7 1 )( 7 2 )( 7 3 )( 7 4 )( 7 5 )( 7 6 )( 7 7 )( 7 8 )( 8 0 )( 8 1 )( 8 2 )( 8 3 )( 8 4 )( 8 5 )( 8 6 )( 8 7 )( 8 8 )( 8 9 )( 9 0 )( 9 3 )( 9 4 )( 9 5 )( 9 6 )( 9 8 )( 9 9 )

id: 98 semantics: supports size: 85 arity:2 scope = {[7, 13]
( 0 0 )( 0 1 )( 0 3 )( 0 4 )( 0 6 )( 0 7 )( 0 8 )( 1 0 )( 1 2 )( 1 3 )( 1 4 )( 1 6 )( 1 7 )( 1 8 )( 1 9 )( 2 0 )( 2 3 )( 2 4 )( 2 6 )( 2 7 )( 2 8 )( 2 9 )( 3 0 )( 3 1 )( 3 2 )( 3 3 )( 3 4 )( 3 5 )( 3 6 )( 3 7 )( 3 8 )( 3 9 )( 4 0 )( 4 1 )( 4 2 )( 4 4 )( 4 5 )( 4 6 )( 4 7 )( 4 8 )( 4 9 )( 5 0 )( 5 1 )( 5 2 )( 5 3 )( 5 4 )( 5 5 )( 5 6 )( 5 7 )( 5 8 )( 5 9 )( 6 0 )( 6 3 )( 6 4 )( 6 5 )( 6 6 )( 6 7 )( 6 8 )( 6 9 )( 7 0 )( 7 1 )( 7 2 )( 7 3 )( 7 4 )( 7 5 )( 7 6 )( 7 7 )( 7 8 )( 7 9 )( 8 1 )( 8 2 )( 8 4 )( 8 5 )( 8 6 )( 8 7 )( 8 8 )( 8 9 )( 9 1 )( 9 2 )( 9 3 )( 9 4 )( 9 5 )( 9 6 )( 9 7 )( 9 8 )

id: 99 semantics: supports size: 85 arity:2 scope = {[7, 14]
( 0 0 )( 0 1 )( 0 2 )( 0 3 )( 0 4 )( 0 6 )( 0 7 )( 0 9 )( 1 0 )( 1 1 )( 1 2 )( 1 3 )( 1 4 )( 1 6 )( 1 7 )( 1 8 )( 1 9 )( 2 1 )( 2 3 )( 2 5 )( 2 6 )( 2 7 )( 2 8 )( 2 9 )( 3 0 )( 3 2 )( 3 3 )( 3 4 )( 3 5 )( 3 6 )( 3 7 )( 3 8 )( 4 0 )( 4 1 )( 4 2 )( 4 3 )( 4 4 )( 4 5 )( 4 7 )( 4 8 )( 5 1 )( 5 3 )( 5 4 )( 5 5 )( 5 6 )( 5 7 )( 5 8 )( 5 9 )( 6 0 )( 6 1 )( 6 3 )( 6 4 )( 6 6 )( 6 7 )( 6 8 )( 6 9 )( 7 0 )( 7 1 )( 7 2 )( 7 3 )( 7 4 )( 7 5 )( 7 6 )( 7 7 )( 7 8 )( 7 9 )( 8 0 )( 8 1 )( 8 2 )( 8 4 )( 8 5 )( 8 6 )( 8 7 )( 8 8 )( 8 9 )( 9 0 )( 9 1 )( 9 2 )( 9 3 )( 9 4 )( 9 5 )( 9 6 )( 9 7 )( 9 8 )( 9 9 )

id: 100 semantics: supports size: 85 arity:2 scope = {[7, 15]
( 0 0 )( 0 2 )( 0 4 )( 0 5 )( 0 6 )( 0 7 )( 0 8 )( 0 9 )( 1 0 )( 1 1 )( 1 2 )( 1 3 )( 1 4 )( 1 6 )( 1 7 )( 1 8 )( 1 9 )( 2 0 )( 2 1 )( 2 2 )( 2 3 )( 2 4 )( 2 5 )( 2 6 )( 2 8 )( 2 9 )( 3 1 )( 3 2 )( 3 3 )( 3 4 )( 3 5 )( 3 6 )( 3 7 )( 3 8 )( 3 9 )( 4 0 )( 4 1 )( 4 2 )( 4 3 )( 4 5 )( 4 6 )( 4 7 )( 4 8 )( 4 9 )( 5 0 )( 5 2 )( 5 3 )( 5 4 )( 5 5 )( 5 6 )( 5 7 )( 5 8 )( 5 9 )( 6 0 )( 6 1 )( 6 2 )( 6 3 )( 6 4 )( 6 5 )( 6 6 )( 6 7 )( 7 0 )( 7 1 )( 7 2 )( 7 4 )( 7 5 )( 7 6 )( 7 7 )( 7 8 )( 8 1 )( 8 2 )( 8 4 )( 8 5 )( 8 7 )( 8 8 )( 9 0 )( 9 1 )( 9 2 )( 9 3 )( 9 4 )( 9 5 )( 9 6 )( 9 7 )( 9 8 )( 9 9 )

id: 101 semantics: supports size: 85 arity:2 scope = {[7, 16]
( 0 0 )( 0 2 )( 0 3 )( 0 4 )( 0 5 )( 0 6 )( 0 7 )( 0 8 )( 0 9 )( 1 0 )( 1 1 )( 1 2 )( 1 3 )( 1 5 )( 1 6 )( 1 7 )( 1 8 )( 1 9 )( 2 1 )( 2 2 )( 2 3 )( 2 4 )( 2 5 )( 2 6 )( 2 7 )( 2 8 )( 2 9 )( 3 0 )( 3 1 )( 3 2 )( 3 4 )( 3 5 )( 3 6 )( 3 8 )( 3 9 )( 4 0 )( 4 1 )( 4 2 )( 4 3 )( 4 4 )( 4 5 )( 4 6 )( 4 7 )( 4 9 )( 5 3 )( 5 4 )( 5 5 )( 5 6 )( 5 7 )( 5 9 )( 6 1 )( 6 2 )( 6 3 )( 6 4 )( 6 5 )( 6 6 )( 6 7 )( 6 8 )( 6 9 )( 7 0 )( 7 1 )( 7 2 )( 7 3 )( 7 4 )( 7 5 )( 7 6 )( 7 8 )( 8 0 )( 8 1 )( 8 2 )( 8 3 )( 8 4 )( 8 5 )( 8 6 )( 8 7 )( 8 8 )( 8 9 )( 9 1 )( 9 2 )( 9 3 )( 9 5 )( 9 6 )( 9 7 )( 9 8 )( 9 9 )

id: 102 semantics: supports size: 85 arity:2 scope = {[7, 17]
( 0 0 )( 0 1 )( 0 2 )( 0 3 )( 0 4 )( 0 5 )( 0 6 )( 0 7 )( 0 8 )( 0 9 )( 1 0 )( 1 1 )( 1 2 )( 1 3 )( 1 4 )( 1 5 )( 1 6 )( 1 7 )( 1 8 )( 2 0 )( 2 1 )( 2 2 )( 2 3 )( 2 4 )( 2 5 )( 2 7 )( 2 8 )( 3 0 )( 3 2 )( 3 3 )( 3 4 )( 3 5 )( 3 6 )( 3 7 )( 3 9 )( 4 1 )( 4 2 )( 4 3 )( 4 4 )( 4 5 )( 4 6 )( 4 8 )( 4 9 )( 5 0 )( 5 1 )( 5 2 )( 5 3 )( 5 4 )( 5 5 )( 5 6 )( 5 7 )( 5 9 )( 6 0 )( 6 1 )( 6 2 )( 6 5 )( 6 6 )( 6 7 )( 6 8 )( 6 9 )( 7 1 )( 7 2 )( 7 3 )( 7 4 )( 7 6 )( 7 7 )( 7 9 )( 8 0 )( 8 1 )( 8 2 )( 8 3 )( 8 4 )( 8 5 )( 8 6 )( 8 7 )( 8 8 )( 8 9 )( 9 0 )( 9 1 )( 9 2 )( 9 3 )( 9 6 )( 9 7 )( 9 8 )( 9 9 )

id: 103 semantics: supports size: 85 arity:2 scope = {[7, 18]
( 0 0 )( 0 2 )( 0 3 )( 0 4 )( 0 5 )( 0 6 )( 0 7 )( 0 8 )( 0 9 )( 1 0 )( 1 1 )( 1 4 )( 1 5 )( 1 6 )( 1 7 )( 2 0 )( 2 1 )( 2 2 )( 2 3 )( 2 4 )( 2 5 )( 2 6 )( 2 7 )( 2 8 )( 2 9 )( 3 0 )( 3 1 )( 3 2 )( 3 3 )( 3 5 )( 3 6 )( 3 7 )( 3 8 )( 3 9 )( 4 1 )( 4 2 )( 4 3 )( 4 4 )( 4 5 )( 4 6 )( 4 7 )( 4 8 )( 4 9 )( 5 0 )( 5 1 )( 5 3 )( 5 4 )( 5 5 )( 5 6 )( 5 8 )( 6 0 )( 6 1 )( 6 2 )( 6 3 )( 6 4 )( 6 5 )( 6 6 )( 6 8 )( 6 9 )( 7 0 )( 7 2 )( 7 3 )( 7 4 )( 7 5 )( 7 6 )( 7 8 )( 7 9 )( 8 0 )( 8 1 )( 8 2 )( 8 3 )( 8 4 )( 8 5 )( 8 6 )( 8 7 )( 8 8 )( 8 9 )( 9 0 )( 9 1 )( 9 2 )( 9 3 )( 9 4 )( 9 6 )( 9 7 )( 9 8 )

id: 104 semantics: supports size: 85 arity:2 scope = {[7, 22]
( 0 0 )( 0 1 )( 0 2 )( 0 3 )( 0 4 )( 0 5 )( 0 6 )( 0 7 )( 0 8 )( 0 9 )( 1 0 )( 1 1 )( 1 3 )( 1 4 )( 1 5 )( 1 6 )( 1 7 )( 1 8 )( 1 9 )( 2 0 )( 2 1 )( 2 3 )( 2 4 )( 2 6 )( 2 7 )( 2 8 )( 2 9 )( 3 0 )( 3 1 )( 3 2 )( 3 3 )( 3 4 )( 3 5 )( 3 7 )( 3 8 )( 3 9 )( 4 0 )( 4 1 )( 4 2 )( 4 3 )( 4 4 )( 4 5 )( 4 6 )( 4 7 )( 4 9 )( 5 1 )( 5 3 )( 5 4 )( 5 5 )( 5 6 )( 5 7 )( 5 8 )( 5 9 )( 6 0 )( 6 1 )( 6 2 )( 6 3 )( 6 4 )( 6 5 )( 6 9 )( 7 0 )( 7 1 )( 7 3 )( 7 4 )( 7 5 )( 7 6 )( 7 7 )( 7 8 )( 7 9 )( 8 0 )( 8 1 )( 8 2 )( 8 3 )( 8 4 )( 8 6 )( 8 7 )( 8 8 )( 8 9 )( 9 0 )( 9 2 )( 9 3 )( 9 4 )( 9 6 )( 9 7 )( 9 9 )

id: 105 semantics: supports size: 85 arity:2 scope = {[7, 24]
( 0 0 )( 0 1 )( 0 2 )( 0 3 )( 0 4 )( 0 6 )( 0 7 )( 0 8 )( 0 9 )( 1 0 )( 1 1 )( 1 2 )( 1 3 )( 1 7 )( 1 8 )( 1 9 )( 2 0 )( 2 1 )( 2 2 )( 2 4 )( 2 5 )( 2 6 )( 2 7 )( 2 8 )( 2 9 )( 3 0 )( 3 1 )( 3 2 )( 3 3 )( 3 5 )( 3 6 )( 3 8 )( 3 9 )( 4 0 )( 4 1 )( 4 2 )( 4 3 )( 4 4 )( 4 6 )( 4 7 )( 4 8 )( 4 9 )( 5 0 )( 5 2 )( 5 4 )( 5 5 )( 5 6 )( 5 7 )( 5 8 )( 6 0 )( 6 1 )( 6 2 )( 6 3 )( 6 4 )( 6 6 )( 6 7 )( 6 8 )( 6 9 )( 7 0 )( 7 2 )( 7 3 )( 7 4 )( 7 5 )( 7 6 )( 7 7 )( 7 9 )( 8 0 )( 8 1 )( 8 3 )( 8 4 )( 8 5 )( 8 6 )( 8 7 )( 8 8 )( 8 9 )( 9 0 )( 9 1 )( 9 2 )( 9 3 )( 9 4 )( 9 5 )( 9 6 )( 9 7 )( 9 8 )( 9 9 )

id: 106 semantics: supports size: 85 arity:2 scope = {[8, 9]
( 0 0 )( 0 1 )( 0 2 )( 0 3 )( 0 4 )( 0 5 )( 0 6 )( 0 7 )( 0 9 )( 1 0 )( 1 1 )( 1 2 )( 1 3 )( 1 4 )( 1 5 )( 1 6 )( 1 7 )( 1 8 )( 1 9 )( 2 0 )( 2 2 )( 2 3 )( 2 5 )( 2 6 )( 2 7 )( 2 8 )( 2 9 )( 3 0 )( 3 1 )( 3 3 )( 3 4 )( 3 5 )( 3 6 )( 3 7 )( 3 8 )( 3 9 )( 4 0 )( 4 2 )( 4 3 )( 4 5 )( 4 6 )( 4 7 )( 4 8 )( 4 9 )( 5 0 )( 5 1 )( 5 2 )( 5 4 )( 5 5 )( 5 6 )( 5 7 )( 5 8 )( 5 9 )( 6 0 )( 6 3 )( 6 4 )( 6 6 )( 6 7 )( 6 8 )( 6 9 )( 7 0 )( 7 1 )( 7 2 )( 7 5 )( 7 6 )( 7 7 )( 7 8 )( 7 9 )( 8 0 )( 8 2 )( 8 3 )( 8 4 )( 8 5 )( 8 6 )( 8 7 )( 8 8 )( 8 9 )( 9 0 )( 9 1 )( 9 2 )( 9 3 )( 9 4 )( 9 5 )( 9 8 )( 9 9 )

id: 107 semantics: supports size: 85 arity:2 scope = {[8, 12]
( 0 0 )( 0 1 )( 0 2 )( 0 3 )( 0 6 )( 0 7 )( 0 8 )( 0 9 )( 1 0 )( 1 1 )( 1 2 )( 1 3 )( 1 4 )( 1 5 )( 1 7 )( 1 8 )( 2 1 )( 2 2 )( 2 3 )( 2 4 )( 2 5 )( 2 6 )( 2 7 )( 2 8 )( 2 9 )( 3 0 )( 3 1 )( 3 2 )( 3 3 )( 3 4 )( 3 5 )( 3 7 )( 3 8 )( 3 9 )( 4 0 )( 4 1 )( 4 2 )( 4 3 )( 4 4 )( 4 5 )( 4 6 )( 4 8 )( 4 9 )( 5 0 )( 5 1 )( 5 2 )( 5 3 )( 5 4 )( 5 7 )( 5 8 )( 5 9 )( 6 0 )( 6 1 )( 6 2 )( 6 3 )( 6 5 )( 6 6 )( 6 7 )( 6 8 )( 6 9 )( 7 1 )( 7 2 )( 7 4 )( 7 5 )( 7 6 )( 7 7 )( 7 8 )( 7 9 )( 8 0 )( 8 1 )( 8 2 )( 8 3 )( 8 4 )( 8 5 )( 8 6 )( 8 7 )( 8 8 )( 8 9 )( 9 0 )( 9 1 )( 9 2 )( 9 4 )( 9 5 )( 9 6 )( 9 7 )

id: 108 semantics: supports size: 85 arity:2 scope = {[8, 15]
( 0 0 )( 0 1 )( 0 2 )( 0 3 )( 0 4 )( 0 5 )( 0 6 )( 0 9 )( 1 1 )( 1 2 )( 1 3 )( 1 4 )( 1 5 )( 1 6 )( 1 8 )( 1 9 )( 2 0 )( 2 1 )( 2 2 )( 2 5 )( 2 6 )( 2 7 )( 2 8 )( 2 9 )( 3 0 )( 3 1 )( 3 2 )( 3 3 )( 3 4 )( 3 5 )( 3 6 )( 3 7 )( 3 8 )( 3 9 )( 4 1 )( 4 2 )( 4 3 )( 4 4 )( 4 5 )( 4 6 )( 4 7 )( 4 8 )( 4 9 )( 5 0 )( 5 1 )( 5 2 )( 5 3 )( 5 4 )( 5 5 )( 5 6 )( 5 7 )( 5 8 )( 5 9 )( 6 0 )( 6 1 )( 6 2 )( 6 3 )( 6 5 )( 6 6 )( 6 7 )( 6 8 )( 7 0 )( 7 1 )( 7 2 )( 7 4 )( 7 5 )( 7 6 )( 7 7 )( 7 8 )( 7 9 )( 8 0 )( 8 1 )( 8 3 )( 8 4 )( 8 5 )( 8 6 )( 8 7 )( 9 0 )( 9 3 )( 9 4 )( 9 5 )( 9 6 )( 9 7 )( 9 8 )( 9 9 )

id: 109 semantics: supports size: 85 arity:2 scope = {[8, 16]
( 0 0 )( 0 1 )( 0 2 )( 0 3 )( 0 4 )( 0 5 )( 0 6 )( 0 7 )( 0 8 )( 0 9 )( 1 0 )( 1 2 )( 1 3 )( 1 4 )( 1 5 )( 1 6 )( 1 7 )( 2 0 )( 2 1 )( 2 2 )( 2 3 )( 2 5 )( 2 6 )( 2 7 )( 2 8 )( 2 9 )( 3 0 )( 3 2 )( 3 3 )( 3 4 )( 3 6 )( 3 7 )( 3 9 )( 4 0 )( 4 2 )( 4 3 )( 4 4 )( 4 5 )( 4 6 )( 4 7 )( 4 8 )( 4 9 )( 5 0 )( 5 1 )( 5 3 )( 5 4 )( 5 5 )( 5 6 )( 5 7 )( 5 8 )( 6 0 )( 6 1 )( 6 2 )( 6 3 )( 6 4 )( 6 5 )( 6 6 )( 6 7 )( 6 8 )( 6 9 )( 7 0 )( 7 1 )( 7 2 )( 7 3 )( 7 5 )( 7 6 )( 7 7 )( 7 8 )( 7 9 )( 8 2 )( 8 3 )( 8 4 )( 8 5 )( 8 6 )( 8 7 )( 8 8 )( 8 9 )( 9 0 )( 9 1 )( 9 2 )( 9 3 )( 9 5 )( 9 7 )( 9 8 )( 9 9 )

id: 110 semantics: supports size: 85 arity:2 scope = {[8, 19]
( 0 0 )( 0 1 )( 0 2 )( 0 3 )( 0 4 )( 0 6 )( 0 7 )( 0 8 )( 1 0 )( 1 1 )( 1 5 )( 1 6 )( 1 7 )( 1 8 )( 1 9 )( 2 0 )( 2 1 )( 2 2 )( 2 3 )( 2 4 )( 2 5 )( 2 6 )( 2 7 )( 2 9 )( 3 0 )( 3 1 )( 3 2 )( 3 3 )( 3 5 )( 3 6 )( 3 8 )( 4 1 )( 4 2 )( 4 3 )( 4 4 )( 4 5 )( 4 6 )( 4 7 )( 4 8 )( 4 9 )( 5 0 )( 5 1 )( 5 2 )( 5 3 )( 5 4 )( 5 5 )( 5 6 )( 5 7 )( 5 9 )( 6 0 )( 6 1 )( 6 3 )( 6 4 )( 6 6 )( 6 7 )( 6 8 )( 6 9 )( 7 0 )( 7 1 )( 7 2 )( 7 4 )( 7 5 )( 7 6 )( 7 7 )( 7 8 )( 7 9 )( 8 0 )( 8 1 )( 8 2 )( 8 3 )( 8 4 )( 8 5 )( 8 6 )( 8 7 )( 8 8 )( 8 9 )( 9 0 )( 9 1 )( 9 2 )( 9 3 )( 9 4 )( 9 5 )( 9 7 )( 9 8 )( 9 9 )

id: 111 semantics: supports size: 85 arity:2 scope = {[8, 20]
( 0 0 )( 0 1 )( 0 2 )( 0 3 )( 0 5 )( 0 6 )( 0 7 )( 0 8 )( 0 9 )( 1 0 )( 1 1 )( 1 2 )( 1 3 )( 1 4 )( 1 5 )( 1 6 )( 1 7 )( 1 8 )( 1 9 )( 2 0 )( 2 2 )( 2 4 )( 2 5 )( 2 6 )( 2 7 )( 2 9 )( 3 0 )( 3 1 )( 3 2 )( 3 3 )( 3 4 )( 3 5 )( 3 6 )( 3 8 )( 3 9 )( 4 0 )( 4 1 )( 4 2 )( 4 3 )( 4 4 )( 4 5 )( 4 7 )( 4 8 )( 5 0 )( 5 1 )( 5 3 )( 5 5 )( 5 6 )( 5 7 )( 5 8 )( 5 9 )( 6 0 )( 6 1 )( 6 2 )( 6 3 )( 6 4 )( 6 7 )( 6 8 )( 6 9 )( 7 0 )( 7 1 )( 7 2 )( 7 3 )( 7 5 )( 7 6 )( 7 7 )( 7 8 )( 7 9 )( 8 0 )( 8 1 )( 8 2 )( 8 3 )( 8 4 )( 8 5 )( 8 7 )( 8 8 )( 9 0 )( 9 1 )( 9 2 )( 9 3 )( 9 4 )( 9 5 )( 9 6 )( 9 7 )( 9 9 )

id: 112 semantics: supports size: 85 arity:2 scope = {[8, 21]
( 0 0 )( 0 1 )( 0 3 )( 0 4 )( 0 5 )( 0 6 )( 0 8 )( 0 9 )( 1 1 )( 1 2 )( 1 3 )( 1 5 )( 1 6 )( 1 7 )( 1 8 )( 1 9 )( 2 0 )( 2 1 )( 2 2 )( 2 3 )( 2 4 )( 2 5 )( 2 6 )( 2 8 )( 3 0 )( 3 1 )( 3 3 )( 3 4 )( 3 5 )( 3 6 )( 3 9 )( 4 1 )( 4 2 )( 4 3 )( 4 4 )( 4 5 )( 4 6 )( 4 7 )( 4 8 )( 4 9 )( 5 0 )( 5 2 )( 5 3 )( 5 4 )( 5 5 )( 5 6 )( 5 7 )( 5 8 )( 5 9 )( 6 0 )( 6 1 )( 6 2 )( 6 3 )( 6 4 )( 6 5 )( 6 6 )( 6 7 )( 6 8 )( 6 9 )( 7 0 )( 7 1 )( 7 2 )( 7 3 )( 7 4 )( 7 6 )( 7 7 )( 7 8 )( 7 9 )( 8 0 )( 8 1 )( 8 2 )( 8 3 )( 8 4 )( 8 5 )( 8 6 )( 8 8 )( 8 9 )( 9 0 )( 9 1 )( 9 4 )( 9 5 )( 9 6 )( 9 7 )( 9 8 )( 9 9 )

id: 113 semantics: supports size: 85 arity:2 scope = {[8, 22]
( 0 0 )( 0 1 )( 0 2 )( 0 3 )( 0 4 )( 0 5 )( 0 6 )( 0 8 )( 0 9 )( 1 0 )( 1 1 )( 1 3 )( 1 4 )( 1 5 )( 1 6 )( 1 7 )( 1 8 )( 1 9 )( 2 0 )( 2 2 )( 2 3 )( 2 4 )( 2 5 )( 2 6 )( 2 7 )( 2 8 )( 2 9 )( 3 0 )( 3 1 )( 3 2 )( 3 3 )( 3 4 )( 3 6 )( 3 9 )( 4 0 )( 4 1 )( 4 2 )( 4 3 )( 4 4 )( 4 6 )( 4 7 )( 4 8 )( 4 9 )( 5 0 )( 5 1 )( 5 2 )( 5 3 )( 5 4 )( 5 5 )( 5 6 )( 5 7 )( 5 9 )( 6 0 )( 6 2 )( 6 3 )( 6 5 )( 6 7 )( 6 8 )( 6 9 )( 7 0 )( 7 1 )( 7 3 )( 7 4 )( 7 5 )( 7 6 )( 7 7 )( 7 8 )( 7 9 )( 8 0 )( 8 1 )( 8 2 )( 8 3 )( 8 4 )( 8 6 )( 8 7 )( 8 8 )( 8 9 )( 9 0 )( 9 1 )( 9 2 )( 9 3 )( 9 4 )( 9 7 )( 9 8 )( 9 9 )

id: 114 semantics: supports size: 85 arity:2 scope = {[8, 23]
( 0 1 )( 0 2 )( 0 4 )( 0 5 )( 0 6 )( 0 7 )( 0 8 )( 0 9 )( 1 0 )( 1 2 )( 1 3 )( 1 4 )( 1 5 )( 1 6 )( 1 7 )( 1 8 )( 1 9 )( 2 0 )( 2 1 )( 2 2 )( 2 3 )( 2 4 )( 2 5 )( 2 6 )( 2 8 )( 2 9 )( 3 0 )( 3 2 )( 3 3 )( 3 4 )( 3 5 )( 3 7 )( 3 8 )( 3 9 )( 4 0 )( 4 1 )( 4 3 )( 4 4 )( 4 5 )( 4 6 )( 4 7 )( 4 8 )( 4 9 )( 5 0 )( 5 1 )( 5 2 )( 5 4 )( 5 5 )( 5 6 )( 5 7 )( 5 8 )( 6 0 )( 6 2 )( 6 3 )( 6 4 )( 6 5 )( 6 6 )( 6 7 )( 6 9 )( 7 0 )( 7 1 )( 7 2 )( 7 3 )( 7 5 )( 7 6 )( 7 7 )( 7 8 )( 7 9 )( 8 0 )( 8 1 )( 8 2 )( 8 4 )( 8 5 )( 8 6 )( 8 7 )( 8 8 )( 8 9 )( 9 0 )( 9 1 )( 9 2 )( 9 3 )( 9 4 )( 9 5 )( 9 8 )( 9 9 )

id: 115 semantics: supports size: 85 arity:2 scope = {[8, 24]
( 0 0 )( 0 1 )( 0 2 )( 0 3 )( 0 4 )( 0 5 )( 0 7 )( 0 8 )( 0 9 )( 1 2 )( 1 3 )( 1 4 )( 1 5 )( 1 6 )( 1 7 )( 1 8 )( 1 9 )( 2 0 )( 2 1 )( 2 2 )( 2 3 )( 2 4 )( 2 5 )( 2 6 )( 2 8 )( 2 9 )( 3 0 )( 3 1 )( 3 2 )( 3 3 )( 3 4 )( 3 5 )( 3 7 )( 3 8 )( 3 9 )( 4 0 )( 4 1 )( 4 2 )( 4 3 )( 4 4 )( 4 5 )( 4 6 )( 4 7 )( 4 9 )( 5 0 )( 5 1 )( 5 2 )( 5 3 )( 5 4 )( 5 5 )( 5 6 )( 5 7 )( 5 8 )( 5 9 )( 6 0 )( 6 1 )( 6 2 )( 6 3 )( 6 5 )( 6 6 )( 6 7 )( 6 9 )( 7 2 )( 7 3 )( 7 4 )( 7 5 )( 7 6 )( 7 7 )( 7 9 )( 8 0 )( 8 2 )( 8 3 )( 8 4 )( 8 5 )( 8 6 )( 8 7 )( 8 8 )( 8 9 )( 9 0 )( 9 1 )( 9 3 )( 9 5 )( 9 6 )( 9 8 )( 9 9 )

id: 116 semantics: supports size: 85 arity:2 scope = {[9, 10]
( 0 0 )( 0 1 )( 0 2 )( 0 3 )( 0 4 )( 0 5 )( 0 6 )( 0 9 )( 1 0 )( 1 1 )( 1 2 )( 1 3 )( 1 4 )( 1 5 )( 1 7 )( 1 8 )( 1 9 )( 2 0 )( 2 2 )( 2 3 )( 2 4 )( 2 5 )( 2 6 )( 2 7 )( 2 8 )( 2 9 )( 3 0 )( 3 1 )( 3 2 )( 3 3 )( 3 4 )( 3 5 )( 3 6 )( 3 7 )( 3 8 )( 4 0 )( 4 1 )( 4 2 )( 4 3 )( 4 4 )( 4 6 )( 4 7 )( 4 8 )( 4 9 )( 5 0 )( 5 1 )( 5 2 )( 5 3 )( 5 4 )( 5 6 )( 5 7 )( 5 8 )( 5 9 )( 6 0 )( 6 1 )( 6 2 )( 6 3 )( 6 4 )( 6 5 )( 6 6 )( 6 8 )( 6 9 )( 7 2 )( 7 5 )( 7 6 )( 7 7 )( 7 8 )( 7 9 )( 8 0 )( 8 1 )( 8 2 )( 8 3 )( 8 4 )( 8 5 )( 8 6 )( 9 0 )( 9 1 )( 9 2 )( 9 3 )( 9 4 )( 9 5 )( 9 6 )( 9 7 )( 9 8 )( 9 9 )

id: 117 semantics: supports size: 85 arity:2 scope = {[9, 14]
( 0 1 )( 0 2 )( 0 3 )( 0 4 )( 0 6 )( 0 7 )( 0 8 )( 0 9 )( 1 0 )( 1 1 )( 1 2 )( 1 3 )( 1 4 )( 1 6 )( 1 7 )( 1 8 )( 2 0 )( 2 1 )( 2 2 )( 2 3 )( 2 4 )( 2 5 )( 2 6 )( 2 7 )( 2 8 )( 2 9 )( 3 1 )( 3 2 )( 3 4 )( 3 6 )( 3 9 )( 4 0 )( 4 1 )( 4 2 )( 4 3 )( 4 4 )( 4 5 )( 4 6 )( 4 7 )( 4 8 )( 5 0 )( 5 1 )( 5 2 )( 5 3 )( 5 4 )( 5 5 )( 5 6 )( 5 7 )( 5 8 )( 5 9 )( 6 0 )( 6 1 )( 6 2 )( 6 3 )( 6 4 )( 6 5 )( 6 6 )( 6 7 )( 6 8 )( 6 9 )( 7 0 )( 7 1 )( 7 2 )( 7 3 )( 7 5 )( 7 6 )( 7 7 )( 7 9 )( 8 0 )( 8 1 )( 8 2 )( 8 3 )( 8 4 )( 8 5 )( 8 6 )( 8 8 )( 8 9 )( 9 0 )( 9 1 )( 9 2 )( 9 3 )( 9 5 )( 9 7 )( 9 8 )( 9 9 )

id: 118 semantics: supports size: 85 arity:2 scope = {[9, 15]
( 0 0 )( 0 1 )( 0 2 )( 0 3 )( 0 4 )( 0 5 )( 0 7 )( 0 8 )( 1 0 )( 1 1 )( 1 2 )( 1 3 )( 1 5 )( 1 6 )( 1 7 )( 1 8 )( 1 9 )( 2 0 )( 2 1 )( 2 2 )( 2 3 )( 2 4 )( 2 6 )( 2 7 )( 2 8 )( 2 9 )( 3 0 )( 3 2 )( 3 3 )( 3 5 )( 3 6 )( 3 7 )( 3 8 )( 3 9 )( 4 0 )( 4 1 )( 4 2 )( 4 3 )( 4 4 )( 4 5 )( 4 6 )( 4 7 )( 4 9 )( 5 0 )( 5 2 )( 5 4 )( 5 5 )( 5 6 )( 5 7 )( 5 8 )( 5 9 )( 6 0 )( 6 1 )( 6 2 )( 6 3 )( 6 4 )( 6 5 )( 6 7 )( 6 9 )( 7 0 )( 7 1 )( 7 2 )( 7 3 )( 7 4 )( 7 6 )( 7 7 )( 7 8 )( 7 9 )( 8 0 )( 8 1 )( 8 2 )( 8 3 )( 8 4 )( 8 5 )( 8 7 )( 8 8 )( 8 9 )( 9 1 )( 9 2 )( 9 3 )( 9 4 )( 9 6 )( 9 7 )( 9 8 )( 9 9 )

id: 119 semantics: supports size: 85 arity:2 scope = {[9, 16]
( 0 0 )( 0 1 )( 0 3 )( 0 4 )( 0 5 )( 0 6 )( 0 7 )( 0 8 )( 0 9 )( 1 0 )( 1 1 )( 1 2 )( 1 3 )( 1 4 )( 1 5 )( 1 6 )( 1 7 )( 1 8 )( 1 9 )( 2 0 )( 2 2 )( 2 3 )( 2 4 )( 2 6 )( 2 7 )( 2 8 )( 2 9 )( 3 1 )( 3 2 )( 3 4 )( 3 5 )( 3 6 )( 3 7 )( 3 8 )( 3 9 )( 4 0 )( 4 1 )( 4 4 )( 4 5 )( 4 6 )( 4 7 )( 4 8 )( 4 9 )( 5 0 )( 5 1 )( 5 2 )( 5 3 )( 5 4 )( 5 5 )( 5 7 )( 5 8 )( 5 9 )( 6 0 )( 6 1 )( 6 3 )( 6 4 )( 6 5 )( 6 6 )( 6 7 )( 6 8 )( 6 9 )( 7 0 )( 7 1 )( 7 2 )( 7 3 )( 7 4 )( 7 6 )( 7 7 )( 7 8 )( 7 9 )( 8 0 )( 8 2 )( 8 4 )( 8 5 )( 8 6 )( 8 7 )( 8 8 )( 8 9 )( 9 0 )( 9 1 )( 9 2 )( 9 6 )( 9 7 )( 9 8 )( 9 9 )

id: 120 semantics: supports size: 85 arity:2 scope = {[9, 17]
( 0 0 )( 0 1 )( 0 2 )( 0 3 )( 0 4 )( 0 5 )( 0 6 )( 0 8 )( 0 9 )( 1 1 )( 1 2 )( 1 3 )( 1 4 )( 1 5 )( 1 6 )( 1 7 )( 1 8 )( 2 0 )( 2 1 )( 2 2 )( 2 4 )( 2 5 )( 2 6 )( 2 7 )( 2 8 )( 3 1 )( 3 2 )( 3 6 )( 3 8 )( 3 9 )( 4 0 )( 4 1 )( 4 2 )( 4 3 )( 4 4 )( 4 5 )( 4 6 )( 4 7 )( 4 8 )( 4 9 )( 5 0 )( 5 1 )( 5 2 )( 5 3 )( 5 6 )( 5 7 )( 5 8 )( 6 0 )( 6 1 )( 6 2 )( 6 3 )( 6 4 )( 6 5 )( 6 7 )( 6 8 )( 6 9 )( 7 0 )( 7 1 )( 7 2 )( 7 3 )( 7 4 )( 7 5 )( 7 6 )( 7 7 )( 7 8 )( 7 9 )( 8 0 )( 8 1 )( 8 2 )( 8 3 )( 8 4 )( 8 5 )( 8 6 )( 8 8 )( 8 9 )( 9 0 )( 9 1 )( 9 2 )( 9 3 )( 9 4 )( 9 5 )( 9 6 )( 9 7 )( 9 8 )( 9 9 )

id: 121 semantics: supports size: 85 arity:2 scope = {[9, 18]
( 0 0 )( 0 1 )( 0 2 )( 0 3 )( 0 4 )( 0 5 )( 0 6 )( 0 7 )( 0 8 )( 0 9 )( 1 0 )( 1 1 )( 1 2 )( 1 3 )( 1 6 )( 1 7 )( 1 8 )( 1 9 )( 2 0 )( 2 1 )( 2 2 )( 2 5 )( 2 8 )( 3 0 )( 3 1 )( 3 2 )( 3 3 )( 3 4 )( 3 5 )( 3 6 )( 3 7 )( 3 8 )( 3 9 )( 4 0 )( 4 1 )( 4 2 )( 4 3 )( 4 5 )( 4 6 )( 4 7 )( 4 8 )( 5 1 )( 5 2 )( 5 3 )( 5 4 )( 5 5 )( 5 6 )( 5 7 )( 5 8 )( 5 9 )( 6 0 )( 6 1 )( 6 3 )( 6 4 )( 6 5 )( 6 6 )( 6 7 )( 6 8 )( 6 9 )( 7 0 )( 7 2 )( 7 5 )( 7 6 )( 7 7 )( 7 8 )( 7 9 )( 8 1 )( 8 2 )( 8 3 )( 8 4 )( 8 5 )( 8 6 )( 8 7 )( 8 8 )( 8 9 )( 9 0 )( 9 1 )( 9 2 )( 9 3 )( 9 4 )( 9 5 )( 9 6 )( 9 7 )( 9 8 )( 9 9 )

id: 122 semantics: supports size: 85 arity:2 scope = {[9, 19]
( 0 0 )( 0 2 )( 0 4 )( 0 5 )( 0 6 )( 0 7 )( 0 8 )( 1 0 )( 1 1 )( 1 2 )( 1 3 )( 1 5 )( 1 6 )( 1 7 )( 1 8 )( 1 9 )( 2 0 )( 2 1 )( 2 2 )( 2 3 )( 2 4 )( 2 5 )( 2 6 )( 2 8 )( 2 9 )( 3 0 )( 3 1 )( 3 2 )( 3 3 )( 3 4 )( 3 5 )( 3 6 )( 3 7 )( 3 8 )( 3 9 )( 4 0 )( 4 1 )( 4 3 )( 4 4 )( 4 5 )( 4 7 )( 4 8 )( 4 9 )( 5 0 )( 5 2 )( 5 3 )( 5 4 )( 5 5 )( 5 6 )( 5 7 )( 5 8 )( 5 9 )( 6 0 )( 6 1 )( 6 2 )( 6 3 )( 6 4 )( 6 5 )( 6 6 )( 6 7 )( 6 8 )( 6 9 )( 7 0 )( 7 1 )( 7 2 )( 7 3 )( 7 4 )( 7 5 )( 7 7 )( 7 8 )( 7 9 )( 8 0 )( 8 2 )( 8 4 )( 8 5 )( 8 6 )( 8 7 )( 8 8 )( 8 9 )( 9 2 )( 9 3 )( 9 4 )( 9 7 )( 9 8 )( 9 9 )

id: 123 semantics: supports size: 85 arity:2 scope = {[9, 20]
( 0 0 )( 0 2 )( 0 3 )( 0 5 )( 0 6 )( 0 7 )( 0 8 )( 0 9 )( 1 0 )( 1 1 )( 1 2 )( 1 3 )( 1 4 )( 1 5 )( 1 6 )( 1 8 )( 1 9 )( 2 0 )( 2 1 )( 2 2 )( 2 3 )( 2 4 )( 2 5 )( 2 7 )( 2 8 )( 2 9 )( 3 1 )( 3 3 )( 3 4 )( 3 5 )( 3 6 )( 3 7 )( 3 8 )( 3 9 )( 4 0 )( 4 1 )( 4 3 )( 4 4 )( 4 5 )( 4 6 )( 4 7 )( 4 9 )( 5 1 )( 5 2 )( 5 4 )( 5 5 )( 5 6 )( 5 7 )( 5 8 )( 5 9 )( 6 0 )( 6 2 )( 6 3 )( 6 4 )( 6 5 )( 6 6 )( 6 7 )( 6 8 )( 6 9 )( 7 0 )( 7 1 )( 7 2 )( 7 3 )( 7 4 )( 7 5 )( 7 6 )( 7 7 )( 7 8 )( 7 9 )( 8 0 )( 8 1 )( 8 2 )( 8 3 )( 8 4 )( 8 5 )( 8 7 )( 8 8 )( 9 0 )( 9 1 )( 9 3 )( 9 5 )( 9 6 )( 9 7 )( 9 8 )( 9 9 )

id: 124 semantics: supports size: 85 arity:2 scope = {[9, 23]
( 0 0 )( 0 1 )( 0 3 )( 0 4 )( 0 5 )( 0 6 )( 0 7 )( 0 8 )( 0 9 )( 1 0 )( 1 1 )( 1 2 )( 1 3 )( 1 4 )( 1 5 )( 1 6 )( 1 8 )( 2 0 )( 2 1 )( 2 2 )( 2 3 )( 2 5 )( 2 6 )( 2 7 )( 2 9 )( 3 0 )( 3 1 )( 3 2 )( 3 3 )( 3 4 )( 3 5 )( 3 6 )( 3 7 )( 3 8 )( 3 9 )( 4 0 )( 4 1 )( 4 2 )( 4 3 )( 4 4 )( 4 5 )( 4 6 )( 4 7 )( 4 8 )( 5 0 )( 5 1 )( 5 2 )( 5 3 )( 5 5 )( 5 6 )( 5 8 )( 5 9 )( 6 0 )( 6 1 )( 6 2 )( 6 5 )( 6 6 )( 6 7 )( 6 8 )( 6 9 )( 7 0 )( 7 1 )( 7 2 )( 7 3 )( 7 4 )( 7 5 )( 7 7 )( 7 8 )( 7 9 )( 8 0 )( 8 1 )( 8 2 )( 8 3 )( 8 4 )( 8 5 )( 8 6 )( 8 8 )( 8 9 )( 9 1 )( 9 2 )( 9 3 )( 9 5 )( 9 6 )( 9 8 )( 9 9 )

id: 125 semantics: supports size: 85 arity:2 scope = {[9, 24]
( 0 1 )( 0 2 )( 0 3 )( 0 4 )( 0 6 )( 0 7 )( 0 9 )( 1 0 )( 1 2 )( 1 3 )( 1 4 )( 1 5 )( 1 7 )( 1 8 )( 1 9 )( 2 0 )( 2 1 )( 2 2 )( 2 4 )( 2 5 )( 2 6 )( 2 7 )( 2 9 )( 3 0 )( 3 1 )( 3 4 )( 3 5 )( 3 6 )( 3 8 )( 3 9 )( 4 0 )( 4 1 )( 4 2 )( 4 3 )( 4 4 )( 4 5 )( 4 6 )( 4 7 )( 4 8 )( 4 9 )( 5 0 )( 5 1 )( 5 2 )( 5 5 )( 5 6 )( 5 7 )( 5 8 )( 5 9 )( 6 0 )( 6 1 )( 6 2 )( 6 3 )( 6 5 )( 6 6 )( 6 7 )( 6 8 )( 6 9 )( 7 1 )( 7 2 )( 7 3 )( 7 4 )( 7 5 )( 7 6 )( 7 7 )( 7 8 )( 8 0 )( 8 1 )( 8 2 )( 8 3 )( 8 4 )( 8 5 )( 8 6 )( 8 7 )( 8 8 )( 8 9 )( 9 0 )( 9 1 )( 9 2 )( 9 3 )( 9 4 )( 9 5 )( 9 6 )( 9 7 )( 9 8 )( 9 9 )

id: 126 semantics: supports size: 85 arity:2 scope = {[10, 11]
( 0 0 )( 0 1 )( 0 2 )( 0 3 )( 0 4 )( 0 5 )( 0 6 )( 0 7 )( 0 8 )( 0 9 )( 1 0 )( 1 1 )( 1 2 )( 1 4 )( 1 5 )( 1 6 )( 1 8 )( 1 9 )( 2 1 )( 2 2 )( 2 3 )( 2 4 )( 2 6 )( 2 7 )( 2 8 )( 2 9 )( 3 0 )( 3 1 )( 3 2 )( 3 3 )( 3 5 )( 3 6 )( 3 8 )( 3 9 )( 4 0 )( 4 1 )( 4 2 )( 4 3 )( 4 4 )( 4 5 )( 4 6 )( 4 8 )( 4 9 )( 5 0 )( 5 1 )( 5 2 )( 5 3 )( 5 4 )( 5 5 )( 5 6 )( 5 8 )( 5 9 )( 6 0 )( 6 1 )( 6 2 )( 6 3 )( 6 4 )( 6 5 )( 6 6 )( 6 7 )( 6 9 )( 7 0 )( 7 1 )( 7 2 )( 7 3 )( 7 4 )( 7 6 )( 7 7 )( 7 9 )( 8 0 )( 8 1 )( 8 2 )( 8 3 )( 8 4 )( 8 6 )( 8 7 )( 8 8 )( 9 1 )( 9 2 )( 9 3 )( 9 4 )( 9 5 )( 9 6 )( 9 7 )( 9 9 )

id: 127 semantics: supports size: 85 arity:2 scope = {[10, 12]
( 0 0 )( 0 1 )( 0 2 )( 0 3 )( 0 5 )( 0 6 )( 0 7 )( 0 8 )( 0 9 )( 1 0 )( 1 2 )( 1 3 )( 1 4 )( 1 5 )( 1 6 )( 1 7 )( 1 8 )( 2 0 )( 2 1 )( 2 2 )( 2 3 )( 2 5 )( 2 6 )( 2 7 )( 2 8 )( 2 9 )( 3 1 )( 3 3 )( 3 4 )( 3 5 )( 3 6 )( 3 7 )( 3 8 )( 3 9 )( 4 0 )( 4 2 )( 4 3 )( 4 5 )( 4 6 )( 4 7 )( 4 8 )( 4 9 )( 5 0 )( 5 1 )( 5 2 )( 5 3 )( 5 4 )( 5 5 )( 5 6 )( 5 7 )( 5 8 )( 5 9 )( 6 0 )( 6 1 )( 6 2 )( 6 4 )( 6 6 )( 7 0 )( 7 1 )( 7 2 )( 7 3 )( 7 4 )( 7 5 )( 7 7 )( 7 8 )( 7 9 )( 8 0 )( 8 1 )( 8 2 )( 8 3 )( 8 4 )( 8 5 )( 8 6 )( 8 7 )( 8 9 )( 9 0 )( 9 1 )( 9 2 )( 9 3 )( 9 4 )( 9 5 )( 9 6 )( 9 7 )( 9 8 )( 9 9 )

id: 128 semantics: supports size: 85 arity:2 scope = {[10, 13]
( 0 0 )( 0 1 )( 0 2 )( 0 3 )( 0 4 )( 0 5 )( 0 7 )( 0 9 )( 1 0 )( 1 3 )( 1 4 )( 1 5 )( 1 6 )( 1 8 )( 1 9 )( 2 0 )( 2 1 )( 2 2 )( 2 3 )( 2 4 )( 2 5 )( 2 7 )( 2 8 )( 2 9 )( 3 0 )( 3 1 )( 3 2 )( 3 3 )( 3 4 )( 3 5 )( 3 6 )( 3 7 )( 3 8 )( 3 9 )( 4 0 )( 4 1 )( 4 2 )( 4 3 )( 4 4 )( 4 5 )( 4 6 )( 4 7 )( 5 0 )( 5 2 )( 5 3 )( 5 4 )( 5 5 )( 5 6 )( 5 7 )( 5 9 )( 6 0 )( 6 1 )( 6 2 )( 6 3 )( 6 5 )( 6 6 )( 6 8 )( 6 9 )( 7 0 )( 7 1 )( 7 2 )( 7 3 )( 7 5 )( 7 6 )( 7 8 )( 7 9 )( 8 0 )( 8 1 )( 8 2 )( 8 3 )( 8 4 )( 8 5 )( 8 6 )( 8 7 )( 8 8 )( 9 0 )( 9 1 )( 9 2 )( 9 3 )( 9 4 )( 9 5 )( 9 6 )( 9 7 )( 9 8 )( 9 9 )

id: 129 semantics: supports size: 85 arity:2 scope = {[10, 14]
( 0 0 )( 0 3 )( 0 4 )( 0 5 )( 0 6 )( 0 8 )( 0 9 )( 1 0 )( 1 1 )( 1 2 )( 1 3 )( 1 4 )( 1 5 )( 1 6 )( 1 7 )( 1 8 )( 1 9 )( 2 0 )( 2 2 )( 2 3 )( 2 4 )( 2 5 )( 2 6 )( 2 8 )( 2 9 )( 3 0 )( 3 1 )( 3 2 )( 3 3 )( 3 4 )( 3 5 )( 3 6 )( 3 7 )( 3 9 )( 4 1 )( 4 2 )( 4 3 )( 4 4 )( 4 6 )( 4 7 )( 4 8 )( 4 9 )( 5 0 )( 5 1 )( 5 2 )( 5 3 )( 5 5 )( 5 7 )( 5 8 )( 5 9 )( 6 1 )( 6 2 )( 6 3 )( 6 4 )( 6 5 )( 6 6 )( 6 9 )( 7 0 )( 7 2 )( 7 3 )( 7 4 )( 7 5 )( 7 6 )( 7 7 )( 7 8 )( 7 9 )( 8 0 )( 8 1 )( 8 2 )( 8 3 )( 8 4 )( 8 6 )( 8 7 )( 8 8 )( 8 9 )( 9 0 )( 9 1 )( 9 2 )( 9 3 )( 9 4 )( 9 5 )( 9 6 )( 9 7 )( 9 8 )( 9 9 )

id: 130 semantics: supports size: 85 arity:2 scope = {[10, 15]
( 0 0 )( 0 1 )( 0 2 )( 0 3 )( 0 4 )( 0 5 )( 0 6 )( 0 7 )( 0 8 )( 0 9 )( 1 0 )( 1 1 )( 1 2 )( 1 3 )( 1 4 )( 1 5 )( 1 6 )( 1 8 )( 1 9 )( 2 0 )( 2 3 )( 2 4 )( 2 5 )( 2 7 )( 2 8 )( 3 0 )( 3 1 )( 3 2 )( 3 3 )( 3 4 )( 3 5 )( 3 6 )( 3 7 )( 3 8 )( 3 9 )( 4 0 )( 4 1 )( 4 2 )( 4 4 )( 4 5 )( 4 6 )( 4 7 )( 4 8 )( 4 9 )( 5 0 )( 5 1 )( 5 2 )( 5 3 )( 5 4 )( 5 5 )( 5 6 )( 5 8 )( 6 0 )( 6 2 )( 6 3 )( 6 4 )( 6 5 )( 6 7 )( 6 8 )( 6 9 )( 7 0 )( 7 1 )( 7 2 )( 7 3 )( 7 4 )( 7 5 )( 7 6 )( 7 7 )( 7 8 )( 7 9 )( 8 0 )( 8 1 )( 8 2 )( 8 3 )( 8 4 )( 8 6 )( 8 7 )( 8 8 )( 9 0 )( 9 1 )( 9 2 )( 9 5 )( 9 6 )( 9 7 )( 9 9 )

id: 131 semantics: supports size: 85 arity:2 scope = {[10, 16]
( 0 1 )( 0 2 )( 0 3 )( 0 5 )( 0 6 )( 0 8 )( 0 9 )( 1 0 )( 1 1 )( 1 2 )( 1 3 )( 1 4 )( 1 5 )( 1 7 )( 1 9 )( 2 0 )( 2 1 )( 2 2 )( 2 3 )( 2 4 )( 2 5 )( 2 6 )( 2 7 )( 2 8 )( 2 9 )( 3 0 )( 3 1 )( 3 2 )( 3 3 )( 3 4 )( 3 5 )( 3 6 )( 3 7 )( 3 8 )( 3 9 )( 4 0 )( 4 1 )( 4 2 )( 4 3 )( 4 4 )( 4 5 )( 4 6 )( 4 8 )( 4 9 )( 5 0 )( 5 1 )( 5 2 )( 5 4 )( 5 5 )( 5 6 )( 5 9 )( 6 0 )( 6 1 )( 6 2 )( 6 3 )( 6 4 )( 6 7 )( 6 8 )( 6 9 )( 7 0 )( 7 1 )( 7 2 )( 7 4 )( 7 5 )( 7 6 )( 7 7 )( 8 0 )( 8 1 )( 8 2 )( 8 4 )( 8 5 )( 8 6 )( 8 7 )( 8 8 )( 8 9 )( 9 0 )( 9 1 )( 9 2 )( 9 3 )( 9 4 )( 9 5 )( 9 6 )( 9 7 )( 9 8 )( 9 9 )

id: 132 semantics: supports size: 85 arity:2 scope = {[10, 17]
( 0 0 )( 0 1 )( 0 2 )( 0 3 )( 0 4 )( 0 5 )( 0 6 )( 0 7 )( 0 8 )( 0 9 )( 1 0 )( 1 1 )( 1 2 )( 1 3 )( 1 4 )( 1 6 )( 1 7 )( 1 9 )( 2 1 )( 2 2 )( 2 3 )( 2 4 )( 2 5 )( 2 6 )( 2 7 )( 2 8 )( 2 9 )( 3 0 )( 3 1 )( 3 2 )( 3 3 )( 3 4 )( 3 5 )( 3 6 )( 3 7 )( 3 8 )( 3 9 )( 4 0 )( 4 1 )( 4 2 )( 4 3 )( 4 4 )( 4 5 )( 4 6 )( 4 7 )( 4 9 )( 5 2 )( 5 3 )( 5 4 )( 5 5 )( 5 6 )( 5 7 )( 6 3 )( 6 4 )( 6 5 )( 6 6 )( 6 7 )( 6 9 )( 7 0 )( 7 1 )( 7 2 )( 7 3 )( 7 4 )( 7 6 )( 7 7 )( 7 8 )( 7 9 )( 8 1 )( 8 2 )( 8 3 )( 8 4 )( 8 5 )( 8 6 )( 8 7 )( 8 8 )( 8 9 )( 9 0 )( 9 1 )( 9 2 )( 9 3 )( 9 4 )( 9 5 )( 9 7 )( 9 8 )( 9 9 )

id: 133 semantics: supports size: 85 arity:2 scope = {[10, 18]
( 0 0 )( 0 1 )( 0 2 )( 0 4 )( 0 6 )( 0 7 )( 0 8 )( 0 9 )( 1 0 )( 1 2 )( 1 3 )( 1 4 )( 1 5 )( 1 6 )( 1 7 )( 1 8 )( 1 9 )( 2 1 )( 2 2 )( 2 3 )( 2 4 )( 2 5 )( 2 7 )( 2 8 )( 2 9 )( 3 0 )( 3 1 )( 3 2 )( 3 3 )( 3 4 )( 3 5 )( 3 6 )( 3 7 )( 3 8 )( 3 9 )( 4 0 )( 4 1 )( 4 2 )( 4 3 )( 4 4 )( 4 6 )( 4 7 )( 4 8 )( 4 9 )( 5 0 )( 5 1 )( 5 2 )( 5 3 )( 5 4 )( 5 5 )( 5 6 )( 5 7 )( 5 8 )( 5 9 )( 6 0 )( 6 1 )( 6 3 )( 6 4 )( 6 5 )( 6 6 )( 6 7 )( 6 8 )( 6 9 )( 7 1 )( 7 3 )( 7 4 )( 7 5 )( 7 6 )( 7 8 )( 8 1 )( 8 2 )( 8 3 )( 8 4 )( 8 5 )( 8 7 )( 8 8 )( 8 9 )( 9 0 )( 9 1 )( 9 2 )( 9 3 )( 9 4 )( 9 6 )( 9 7 )( 9 9 )

id: 134 semantics: supports size: 85 arity:2 scope = {[10, 19]
( 0 0 )( 0 1 )( 0 2 )( 0 3 )( 0 4 )( 0 5 )( 0 6 )( 0 7 )( 0 8 )( 0 9 )( 1 0 )( 1 1 )( 1 3 )( 1 4 )( 1 5 )( 1 7 )( 1 8 )( 1 9 )( 2 0 )( 2 1 )( 2 2 )( 2 3 )( 2 5 )( 2 6 )( 2 7 )( 2 8 )( 3 0 )( 3 2 )( 3 3 )( 3 4 )( 3 5 )( 3 7 )( 3 8 )( 3 9 )( 4 1 )( 4 2 )( 4 3 )( 4 4 )( 4 5 )( 4 6 )( 4 7 )( 4 8 )( 4 9 )( 5 1 )( 5 2 )( 5 3 )( 5 4 )( 5 5 )( 5 6 )( 5 7 )( 5 9 )( 6 0 )( 6 1 )( 6 2 )( 6 3 )( 6 4 )( 6 5 )( 6 6 )( 6 7 )( 6 8 )( 6 9 )( 7 0 )( 7 1 )( 7 5 )( 7 6 )( 7 8 )( 7 9 )( 8 0 )( 8 1 )( 8 2 )( 8 3 )( 8 4 )( 8 5 )( 8 6 )( 8 7 )( 8 8 )( 8 9 )( 9 0 )( 9 1 )( 9 2 )( 9 3 )( 9 4 )( 9 6 )( 9 7 )( 9 9 )

id: 135 semantics: supports size: 85 arity:2 scope = {[10, 20]
( 0 0 )( 0 1 )( 0 3 )( 0 5 )( 0 6 )( 0 7 )( 0 8 )( 1 0 )( 1 1 )( 1 2 )( 1 3 )( 1 4 )( 1 5 )( 1 6 )( 1 7 )( 1 8 )( 1 9 )( 2 0 )( 2 1 )( 2 3 )( 2 4 )( 2 5 )( 2 6 )( 2 8 )( 2 9 )( 3 0 )( 3 1 )( 3 2 )( 3 3 )( 3 4 )( 3 5 )( 3 6 )( 3 7 )( 3 8 )( 3 9 )( 4 0 )( 4 1 )( 4 2 )( 4 3 )( 4 4 )( 4 5 )( 4 7 )( 4 9 )( 5 0 )( 5 1 )( 5 2 )( 5 3 )( 5 4 )( 5 5 )( 5 6 )( 5 7 )( 5 8 )( 5 9 )( 6 1 )( 6 2 )( 6 3 )( 6 4 )( 6 5 )( 6 6 )( 6 8 )( 6 9 )( 7 1 )( 7 2 )( 7 3 )( 7 4 )( 7 5 )( 7 6 )( 7 7 )( 7 8 )( 7 9 )( 8 0 )( 8 1 )( 8 2 )( 8 3 )( 8 4 )( 8 5 )( 8 6 )( 9 0 )( 9 2 )( 9 4 )( 9 5 )( 9 6 )( 9 7 )( 9 8 )( 9 9 )

id: 136 semantics: supports size: 85 arity:2 scope = {[10, 21]
( 0 0 )( 0 2 )( 0 3 )( 0 4 )( 0 6 )( 0 7 )( 0 8 )( 0 9 )( 1 0 )( 1 1 )( 1 2 )( 1 3 )( 1 4 )( 1 5 )( 1 7 )( 1 8 )( 1 9 )( 2 0 )( 2 1 )( 2 2 )( 2 4 )( 2 5 )( 2 6 )( 2 9 )( 3 0 )( 3 1 )( 3 2 )( 3 3 )( 3 4 )( 3 5 )( 3 6 )( 3 7 )( 3 8 )( 3 9 )( 4 0 )( 4 1 )( 4 2 )( 4 3 )( 4 4 )( 4 5 )( 4 6 )( 4 8 )( 5 1 )( 5 2 )( 5 3 )( 5 4 )( 5 6 )( 5 7 )( 5 9 )( 6 0 )( 6 1 )( 6 2 )( 6 3 )( 6 4 )( 6 5 )( 6 6 )( 6 7 )( 6 8 )( 6 9 )( 7 0 )( 7 1 )( 7 2 )( 7 3 )( 7 5 )( 7 6 )( 7 7 )( 7 8 )( 7 9 )( 8 0 )( 8 1 )( 8 2 )( 8 3 )( 8 4 )( 8 5 )( 8 7 )( 8 8 )( 8 9 )( 9 0 )( 9 1 )( 9 2 )( 9 3 )( 9 4 )( 9 6 )( 9 7 )( 9 8 )

id: 137 semantics: supports size: 85 arity:2 scope = {[10, 22]
( 0 0 )( 0 1 )( 0 2 )( 0 3 )( 0 4 )( 0 5 )( 0 6 )( 0 8 )( 0 9 )( 1 0 )( 1 1 )( 1 2 )( 1 3 )( 1 4 )( 1 6 )( 1 7 )( 1 9 )( 2 3 )( 2 4 )( 2 5 )( 2 6 )( 2 7 )( 2 8 )( 2 9 )( 3 0 )( 3 1 )( 3 3 )( 3 4 )( 3 5 )( 3 6 )( 3 7 )( 3 9 )( 4 0 )( 4 1 )( 4 2 )( 4 3 )( 4 4 )( 4 5 )( 4 6 )( 4 7 )( 4 8 )( 4 9 )( 5 0 )( 5 1 )( 5 3 )( 5 4 )( 5 5 )( 5 6 )( 5 7 )( 5 8 )( 5 9 )( 6 0 )( 6 1 )( 6 2 )( 6 3 )( 6 4 )( 6 5 )( 6 6 )( 6 9 )( 7 0 )( 7 1 )( 7 2 )( 7 3 )( 7 4 )( 7 5 )( 7 6 )( 7 7 )( 7 8 )( 7 9 )( 8 0 )( 8 1 )( 8 3 )( 8 5 )( 8 6 )( 8 7 )( 8 9 )( 9 0 )( 9 1 )( 9 2 )( 9 3 )( 9 4 )( 9 5 )( 9 6 )( 9 8 )( 9 9 )

id: 138 semantics: supports size: 85 arity:2 scope = {[10, 23]
( 0 0 )( 0 1 )( 0 2 )( 0 3 )( 0 4 )( 0 5 )( 0 7 )( 0 8 )( 0 9 )( 1 0 )( 1 1 )( 1 2 )( 1 3 )( 1 4 )( 1 5 )( 1 7 )( 1 8 )( 1 9 )( 2 0 )( 2 1 )( 2 2 )( 2 3 )( 2 6 )( 2 9 )( 3 0 )( 3 1 )( 3 2 )( 3 3 )( 3 4 )( 3 5 )( 3 6 )( 3 8 )( 3 9 )( 4 0 )( 4 1 )( 4 2 )( 4 3 )( 4 4 )( 4 5 )( 4 6 )( 4 7 )( 4 8 )( 5 0 )( 5 1 )( 5 2 )( 5 3 )( 5 4 )( 5 5 )( 5 6 )( 5 8 )( 5 9 )( 6 0 )( 6 1 )( 6 2 )( 6 3 )( 6 4 )( 6 5 )( 6 6 )( 6 7 )( 6 9 )( 7 0 )( 7 1 )( 7 4 )( 7 5 )( 7 6 )( 7 7 )( 7 9 )( 8 0 )( 8 1 )( 8 2 )( 8 3 )( 8 4 )( 8 5 )( 8 6 )( 8 7 )( 8 8 )( 8 9 )( 9 0 )( 9 1 )( 9 2 )( 9 3 )( 9 4 )( 9 5 )( 9 6 )( 9 9 )

id: 139 semantics: supports size: 85 arity:2 scope = {[10, 24]
( 0 0 )( 0 2 )( 0 3 )( 0 4 )( 0 5 )( 0 6 )( 0 7 )( 0 8 )( 0 9 )( 1 0 )( 1 1 )( 1 2 )( 1 3 )( 1 4 )( 1 5 )( 1 6 )( 1 7 )( 1 8 )( 1 9 )( 2 0 )( 2 1 )( 2 2 )( 2 3 )( 2 4 )( 2 5 )( 2 6 )( 2 7 )( 2 8 )( 3 1 )( 3 3 )( 3 4 )( 3 5 )( 3 8 )( 3 9 )( 4 0 )( 4 1 )( 4 2 )( 4 3 )( 4 5 )( 4 6 )( 4 7 )( 4 8 )( 4 9 )( 5 0 )( 5 1 )( 5 2 )( 5 3 )( 5 4 )( 5 5 )( 5 6 )( 5 7 )( 5 8 )( 6 0 )( 6 1 )( 6 3 )( 6 5 )( 6 7 )( 6 8 )( 6 9 )( 7 0 )( 7 1 )( 7 2 )( 7 3 )( 7 4 )( 7 5 )( 7 6 )( 7 7 )( 7 8 )( 7 9 )( 8 2 )( 8 3 )( 8 4 )( 8 5 )( 8 6 )( 8 8 )( 8 9 )( 9 0 )( 9 1 )( 9 3 )( 9 4 )( 9 5 )( 9 6 )( 9 7 )( 9 8 )( 9 9 )

id: 140 semantics: supports size: 85 arity:2 scope = {[11, 12]
( 0 1 )( 0 3 )( 0 4 )( 0 5 )( 0 6 )( 0 7 )( 0 8 )( 0 9 )( 1 0 )( 1 1 )( 1 2 )( 1 4 )( 1 5 )( 1 6 )( 1 7 )( 1 8 )( 1 9 )( 2 0 )( 2 1 )( 2 2 )( 2 3 )( 2 4 )( 2 5 )( 2 6 )( 2 7 )( 2 9 )( 3 0 )( 3 2 )( 3 3 )( 3 4 )( 3 5 )( 3 7 )( 3 8 )( 3 9 )( 4 0 )( 4 1 )( 4 2 )( 4 3 )( 4 4 )( 4 5 )( 4 6 )( 4 7 )( 4 8 )( 4 9 )( 5 1 )( 5 2 )( 5 3 )( 5 4 )( 5 5 )( 5 6 )( 5 7 )( 5 8 )( 5 9 )( 6 0 )( 6 2 )( 6 3 )( 6 4 )( 6 5 )( 6 6 )( 6 7 )( 6 8 )( 6 9 )( 7 0 )( 7 2 )( 7 3 )( 7 4 )( 7 5 )( 7 7 )( 7 8 )( 7 9 )( 8 0 )( 8 1 )( 8 2 )( 8 3 )( 8 4 )( 8 5 )( 8 6 )( 8 7 )( 8 8 )( 8 9 )( 9 0 )( 9 1 )( 9 3 )( 9 4 )( 9 7 )

id: 141 semantics: supports size: 85 arity:2 scope = {[11, 14]
( 0 1 )( 0 2 )( 0 3 )( 0 4 )( 0 5 )( 0 6 )( 0 7 )( 0 8 )( 0 9 )( 1 0 )( 1 1 )( 1 4 )( 1 5 )( 1 6 )( 1 7 )( 1 8 )( 1 9 )( 2 0 )( 2 1 )( 2 3 )( 2 5 )( 2 6 )( 2 7 )( 2 9 )( 3 0 )( 3 2 )( 3 3 )( 3 4 )( 3 5 )( 3 6 )( 3 7 )( 3 8 )( 3 9 )( 4 0 )( 4 2 )( 4 3 )( 4 4 )( 4 5 )( 4 6 )( 4 7 )( 4 8 )( 4 9 )( 5 0 )( 5 1 )( 5 3 )( 5 4 )( 5 6 )( 5 7 )( 5 8 )( 5 9 )( 6 0 )( 6 2 )( 6 3 )( 6 4 )( 6 5 )( 6 6 )( 6 7 )( 6 8 )( 6 9 )( 7 0 )( 7 1 )( 7 2 )( 7 3 )( 7 4 )( 7 5 )( 7 6 )( 7 7 )( 7 8 )( 7 9 )( 8 0 )( 8 1 )( 8 2 )( 8 3 )( 8 5 )( 8 6 )( 8 7 )( 8 8 )( 8 9 )( 9 2 )( 9 3 )( 9 4 )( 9 5 )( 9 6 )( 9 7 )( 9 8 )

id: 142 semantics: supports size: 85 arity:2 scope = {[11, 15]
( 0 0 )( 0 1 )( 0 2 )( 0 3 )( 0 4 )( 0 6 )( 0 7 )( 0 8 )( 0 9 )( 1 0 )( 1 1 )( 1 2 )( 1 3 )( 1 5 )( 1 6 )( 1 8 )( 1 9 )( 2 0 )( 2 1 )( 2 2 )( 2 4 )( 2 5 )( 2 6 )( 2 7 )( 2 9 )( 3 0 )( 3 1 )( 3 2 )( 3 3 )( 3 4 )( 3 5 )( 3 6 )( 3 7 )( 3 8 )( 3 9 )( 4 0 )( 4 1 )( 4 3 )( 4 4 )( 4 5 )( 4 6 )( 4 7 )( 4 8 )( 4 9 )( 5 0 )( 5 1 )( 5 2 )( 5 3 )( 5 4 )( 5 5 )( 5 6 )( 5 7 )( 5 8 )( 5 9 )( 6 0 )( 6 1 )( 6 2 )( 6 3 )( 6 4 )( 6 5 )( 6 6 )( 6 9 )( 7 0 )( 7 1 )( 7 2 )( 7 3 )( 7 4 )( 7 6 )( 7 8 )( 8 1 )( 8 2 )( 8 3 )( 8 4 )( 8 5 )( 8 6 )( 8 7 )( 8 8 )( 8 9 )( 9 0 )( 9 1 )( 9 3 )( 9 4 )( 9 6 )( 9 8 )( 9 9 )

id: 143 semantics: supports size: 85 arity:2 scope = {[11, 16]
( 0 0 )( 0 1 )( 0 3 )( 0 4 )( 0 5 )( 0 6 )( 0 7 )( 0 9 )( 1 0 )( 1 1 )( 1 3 )( 1 4 )( 1 5 )( 1 7 )( 1 8 )( 1 9 )( 2 0 )( 2 1 )( 2 2 )( 2 3 )( 2 4 )( 2 5 )( 2 6 )( 2 7 )( 2 8 )( 2 9 )( 3 0 )( 3 1 )( 3 3 )( 3 4 )( 3 5 )( 3 6 )( 3 7 )( 3 8 )( 3 9 )( 4 1 )( 4 2 )( 4 3 )( 4 4 )( 4 5 )( 4 6 )( 4 7 )( 4 8 )( 4 9 )( 5 1 )( 5 2 )( 5 3 )( 5 4 )( 5 5 )( 5 8 )( 5 9 )( 6 1 )( 6 2 )( 6 4 )( 6 5 )( 6 6 )( 6 7 )( 6 8 )( 6 9 )( 7 0 )( 7 1 )( 7 2 )( 7 3 )( 7 4 )( 7 5 )( 7 6 )( 7 8 )( 7 9 )( 8 0 )( 8 1 )( 8 2 )( 8 3 )( 8 4 )( 8 5 )( 8 6 )( 8 7 )( 8 8 )( 8 9 )( 9 0 )( 9 2 )( 9 3 )( 9 4 )( 9 7 )( 9 8 )( 9 9 )

id: 144 semantics: supports size: 85 arity:2 scope = {[11, 17]
( 0 0 )( 0 3 )( 0 4 )( 0 5 )( 0 6 )( 0 7 )( 0 8 )( 0 9 )( 1 0 )( 1 1 )( 1 2 )( 1 3 )( 1 4 )( 1 5 )( 1 6 )( 1 7 )( 1 8 )( 1 9 )( 2 4 )( 2 5 )( 2 7 )( 2 8 )( 2 9 )( 3 0 )( 3 1 )( 3 2 )( 3 3 )( 3 5 )( 3 7 )( 3 9 )( 4 0 )( 4 1 )( 4 2 )( 4 3 )( 4 4 )( 4 5 )( 4 6 )( 4 7 )( 4 8 )( 4 9 )( 5 0 )( 5 1 )( 5 2 )( 5 3 )( 5 4 )( 5 5 )( 5 6 )( 5 7 )( 5 8 )( 5 9 )( 6 0 )( 6 1 )( 6 2 )( 6 3 )( 6 4 )( 6 5 )( 6 6 )( 6 7 )( 6 8 )( 6 9 )( 7 0 )( 7 1 )( 7 2 )( 7 3 )( 7 5 )( 7 6 )( 7 7 )( 7 8 )( 7 9 )( 8 0 )( 8 1 )( 8 2 )( 8 4 )( 8 5 )( 8 6 )( 8 7 )( 8 8 )( 8 9 )( 9 1 )( 9 2 )( 9 3 )( 9 4 )( 9 5 )( 9 8 )( 9 9 )

id: 145 semantics: supports size: 85 arity:2 scope = {[11, 18]
( 0 0 )( 0 1 )( 0 2 )( 0 3 )( 0 4 )( 0 7 )( 0 9 )( 1 0 )( 1 1 )( 1 2 )( 1 3 )( 1 4 )( 1 5 )( 1 6 )( 1 7 )( 1 9 )( 2 0 )( 2 1 )( 2 3 )( 2 4 )( 2 5 )( 2 6 )( 2 7 )( 2 8 )( 2 9 )( 3 0 )( 3 1 )( 3 2 )( 3 4 )( 3 5 )( 3 7 )( 3 8 )( 3 9 )( 4 0 )( 4 1 )( 4 2 )( 4 3 )( 4 4 )( 4 5 )( 4 6 )( 4 7 )( 4 8 )( 4 9 )( 5 0 )( 5 1 )( 5 2 )( 5 3 )( 5 4 )( 5 5 )( 5 6 )( 5 8 )( 5 9 )( 6 1 )( 6 3 )( 6 4 )( 6 6 )( 6 7 )( 6 8 )( 6 9 )( 7 1 )( 7 2 )( 7 3 )( 7 4 )( 7 6 )( 7 7 )( 7 8 )( 7 9 )( 8 0 )( 8 1 )( 8 3 )( 8 4 )( 8 5 )( 8 6 )( 8 7 )( 8 8 )( 8 9 )( 9 0 )( 9 1 )( 9 2 )( 9 3 )( 9 4 )( 9 5 )( 9 6 )( 9 7 )( 9 9 )

id: 146 semantics: supports size: 85 arity:2 scope = {[11, 19]
( 0 0 )( 0 1 )( 0 2 )( 0 3 )( 0 4 )( 0 5 )( 0 6 )( 0 7 )( 0 8 )( 0 9 )( 1 1 )( 1 3 )( 1 4 )( 1 5 )( 1 6 )( 1 7 )( 1 9 )( 2 0 )( 2 1 )( 2 2 )( 2 3 )( 2 4 )( 2 6 )( 2 7 )( 2 8 )( 2 9 )( 3 0 )( 3 1 )( 3 2 )( 3 3 )( 3 4 )( 3 5 )( 3 6 )( 3 7 )( 3 8 )( 3 9 )( 4 1 )( 4 3 )( 4 4 )( 4 5 )( 4 6 )( 4 7 )( 4 8 )( 4 9 )( 5 0 )( 5 1 )( 5 2 )( 5 3 )( 5 4 )( 5 5 )( 5 6 )( 5 7 )( 6 0 )( 6 1 )( 6 2 )( 6 3 )( 6 4 )( 6 5 )( 6 7 )( 6 9 )( 7 0 )( 7 1 )( 7 2 )( 7 3 )( 7 5 )( 7 6 )( 7 7 )( 7 8 )( 7 9 )( 8 0 )( 8 1 )( 8 4 )( 8 5 )( 8 6 )( 8 7 )( 8 8 )( 9 0 )( 9 1 )( 9 3 )( 9 4 )( 9 5 )( 9 6 )( 9 7 )( 9 8 )( 9 9 )

id: 147 semantics: supports size: 85 arity:2 scope = {[11, 24]
( 0 0 )( 0 2 )( 0 4 )( 0 5 )( 0 6 )( 0 8 )( 1 0 )( 1 1 )( 1 2 )( 1 3 )( 1 4 )( 1 5 )( 1 6 )( 1 7 )( 1 8 )( 1 9 )( 2 0 )( 2 1 )( 2 2 )( 2 3 )( 2 4 )( 2 6 )( 2 7 )( 2 8 )( 2 9 )( 3 0 )( 3 1 )( 3 2 )( 3 3 )( 3 4 )( 3 5 )( 3 6 )( 3 7 )( 3 8 )( 3 9 )( 4 1 )( 4 2 )( 4 4 )( 4 6 )( 4 8 )( 4 9 )( 5 0 )( 5 2 )( 5 4 )( 5 5 )( 5 6 )( 5 7 )( 5 8 )( 5 9 )( 6 1 )( 6 2 )( 6 3 )( 6 4 )( 6 5 )( 6 6 )( 6 8 )( 6 9 )( 7 0 )( 7 1 )( 7 2 )( 7 3 )( 7 4 )( 7 5 )( 7 6 )( 7 7 )( 7 8 )( 7 9 )( 8 0 )( 8 1 )( 8 2 )( 8 3 )( 8 4 )( 8 5 )( 8 6 )( 8 8 )( 8 9 )( 9 0 )( 9 1 )( 9 2 )( 9 3 )( 9 4 )( 9 6 )( 9 7 )( 9 8 )( 9 9 )

id: 148 semantics: supports size: 85 arity:2 scope = {[12, 14]
( 0 0 )( 0 2 )( 0 4 )( 0 6 )( 0 7 )( 0 8 )( 0 9 )( 1 1 )( 1 2 )( 1 4 )( 1 5 )( 1 6 )( 1 7 )( 1 8 )( 1 9 )( 2 1 )( 2 2 )( 2 3 )( 2 4 )( 2 5 )( 2 6 )( 2 7 )( 2 8 )( 2 9 )( 3 0 )( 3 1 )( 3 2 )( 3 3 )( 3 4 )( 3 6 )( 3 7 )( 3 8 )( 3 9 )( 4 1 )( 4 2 )( 4 3 )( 4 4 )( 4 5 )( 4 6 )( 4 7 )( 4 8 )( 4 9 )( 5 0 )( 5 1 )( 5 2 )( 5 3 )( 5 4 )( 5 5 )( 5 7 )( 5 9 )( 6 0 )( 6 2 )( 6 3 )( 6 4 )( 6 5 )( 6 6 )( 6 7 )( 6 8 )( 6 9 )( 7 0 )( 7 1 )( 7 2 )( 7 3 )( 7 4 )( 7 5 )( 7 6 )( 7 7 )( 7 8 )( 7 9 )( 8 0 )( 8 1 )( 8 2 )( 8 3 )( 8 4 )( 8 5 )( 8 6 )( 8 8 )( 8 9 )( 9 0 )( 9 1 )( 9 2 )( 9 4 )( 9 5 )( 9 7 )( 9 8 )

id: 149 semantics: supports size: 85 arity:2 scope = {[12, 15]
( 0 0 )( 0 1 )( 0 2 )( 0 3 )( 0 4 )( 0 6 )( 0 7 )( 0 8 )( 0 9 )( 1 0 )( 1 1 )( 1 2 )( 1 3 )( 1 4 )( 1 5 )( 1 6 )( 1 7 )( 2 0 )( 2 1 )( 2 2 )( 2 4 )( 2 5 )( 2 6 )( 2 8 )( 3 0 )( 3 1 )( 3 2 )( 3 3 )( 3 4 )( 3 5 )( 3 6 )( 3 7 )( 3 8 )( 3 9 )( 4 0 )( 4 1 )( 4 3 )( 4 6 )( 4 7 )( 4 8 )( 4 9 )( 5 0 )( 5 2 )( 5 3 )( 5 4 )( 5 5 )( 5 6 )( 5 7 )( 5 9 )( 6 0 )( 6 1 )( 6 2 )( 6 3 )( 6 4 )( 6 5 )( 6 6 )( 6 7 )( 6 8 )( 6 9 )( 7 0 )( 7 1 )( 7 2 )( 7 3 )( 7 4 )( 7 5 )( 7 6 )( 7 8 )( 7 9 )( 8 0 )( 8 1 )( 8 2 )( 8 3 )( 8 4 )( 8 5 )( 8 6 )( 8 7 )( 8 8 )( 8 9 )( 9 0 )( 9 1 )( 9 3 )( 9 4 )( 9 6 )( 9 7 )( 9 8 )

id: 150 semantics: supports size: 85 arity:2 scope = {[12, 16]
( 0 2 )( 0 3 )( 0 4 )( 0 6 )( 0 8 )( 0 9 )( 1 0 )( 1 1 )( 1 2 )( 1 3 )( 1 4 )( 1 5 )( 1 6 )( 1 7 )( 1 9 )( 2 0 )( 2 1 )( 2 2 )( 2 3 )( 2 4 )( 2 6 )( 2 7 )( 2 8 )( 2 9 )( 3 0 )( 3 1 )( 3 2 )( 3 3 )( 3 5 )( 3 6 )( 3 7 )( 3 8 )( 3 9 )( 4 0 )( 4 1 )( 4 2 )( 4 3 )( 4 4 )( 4 5 )( 4 6 )( 4 7 )( 4 9 )( 5 0 )( 5 1 )( 5 2 )( 5 3 )( 5 4 )( 5 5 )( 5 6 )( 5 8 )( 5 9 )( 6 0 )( 6 1 )( 6 2 )( 6 3 )( 6 4 )( 6 5 )( 6 6 )( 6 7 )( 6 8 )( 6 9 )( 7 0 )( 7 1 )( 7 3 )( 7 5 )( 7 6 )( 7 9 )( 8 0 )( 8 1 )( 8 2 )( 8 3 )( 8 4 )( 8 5 )( 8 6 )( 8 7 )( 8 8 )( 8 9 )( 9 0 )( 9 1 )( 9 2 )( 9 3 )( 9 5 )( 9 6 )( 9 7 )( 9 8 )

id: 151 semantics: supports size: 85 arity:2 scope = {[12, 19]
( 0 0 )( 0 1 )( 0 2 )( 0 3 )( 0 4 )( 0 5 )( 0 6 )( 0 7 )( 0 8 )( 1 0 )( 1 1 )( 1 2 )( 1 3 )( 1 4 )( 1 5 )( 1 6 )( 1 7 )( 1 8 )( 1 9 )( 2 0 )( 2 1 )( 2 2 )( 2 3 )( 2 4 )( 2 5 )( 2 7 )( 2 9 )( 3 0 )( 3 1 )( 3 2 )( 3 3 )( 3 4 )( 3 5 )( 3 6 )( 3 7 )( 3 8 )( 3 9 )( 4 0 )( 4 2 )( 4 3 )( 4 5 )( 4 6 )( 4 7 )( 5 1 )( 5 3 )( 5 4 )( 5 5 )( 5 6 )( 5 7 )( 5 8 )( 5 9 )( 6 0 )( 6 1 )( 6 2 )( 6 3 )( 6 4 )( 6 5 )( 6 6 )( 6 7 )( 6 9 )( 7 0 )( 7 1 )( 7 3 )( 7 4 )( 7 6 )( 7 8 )( 7 9 )( 8 0 )( 8 1 )( 8 2 )( 8 3 )( 8 4 )( 8 5 )( 8 6 )( 8 7 )( 8 8 )( 8 9 )( 9 0 )( 9 1 )( 9 3 )( 9 4 )( 9 5 )( 9 6 )( 9 8 )( 9 9 )

id: 152 semantics: supports size: 85 arity:2 scope = {[12, 20]
( 0 0 )( 0 1 )( 0 2 )( 0 3 )( 0 4 )( 0 5 )( 0 6 )( 0 7 )( 0 8 )( 0 9 )( 1 0 )( 1 1 )( 1 2 )( 1 3 )( 1 4 )( 1 5 )( 1 6 )( 1 7 )( 1 8 )( 1 9 )( 2 2 )( 2 3 )( 2 4 )( 2 5 )( 2 6 )( 2 7 )( 2 8 )( 2 9 )( 3 0 )( 3 1 )( 3 2 )( 3 3 )( 3 7 )( 3 9 )( 4 0 )( 4 1 )( 4 2 )( 4 3 )( 4 6 )( 4 7 )( 4 8 )( 4 9 )( 5 0 )( 5 1 )( 5 2 )( 5 3 )( 5 4 )( 5 5 )( 5 7 )( 5 8 )( 6 0 )( 6 1 )( 6 2 )( 6 3 )( 6 4 )( 6 5 )( 6 6 )( 6 8 )( 7 0 )( 7 1 )( 7 2 )( 7 3 )( 7 4 )( 7 5 )( 7 6 )( 7 7 )( 7 8 )( 7 9 )( 8 0 )( 8 1 )( 8 3 )( 8 4 )( 8 5 )( 8 6 )( 8 8 )( 8 9 )( 9 0 )( 9 2 )( 9 3 )( 9 4 )( 9 5 )( 9 6 )( 9 7 )( 9 8 )( 9 9 )

id: 153 semantics: supports size: 85 arity:2 scope = {[12, 24]
( 0 0 )( 0 1 )( 0 2 )( 0 3 )( 0 4 )( 0 5 )( 0 6 )( 0 7 )( 0 8 )( 0 9 )( 1 0 )( 1 1 )( 1 2 )( 1 3 )( 1 6 )( 1 8 )( 2 0 )( 2 1 )( 2 3 )( 2 5 )( 2 6 )( 2 7 )( 2 8 )( 2 9 )( 3 1 )( 3 2 )( 3 3 )( 3 4 )( 3 5 )( 3 6 )( 3 7 )( 3 8 )( 4 0 )( 4 3 )( 4 4 )( 4 5 )( 4 6 )( 4 7 )( 4 8 )( 4 9 )( 5 0 )( 5 1 )( 5 3 )( 5 4 )( 5 5 )( 5 6 )( 5 7 )( 5 8 )( 5 9 )( 6 0 )( 6 1 )( 6 2 )( 6 3 )( 6 4 )( 6 5 )( 6 6 )( 6 8 )( 6 9 )( 7 0 )( 7 1 )( 7 3 )( 7 4 )( 7 5 )( 7 6 )( 7 7 )( 7 8 )( 7 9 )( 8 0 )( 8 1 )( 8 2 )( 8 3 )( 8 4 )( 8 5 )( 8 6 )( 8 7 )( 8 8 )( 8 9 )( 9 0 )( 9 1 )( 9 2 )( 9 3 )( 9 5 )( 9 6 )( 9 8 )( 9 9 )

id: 154 semantics: supports size: 85 arity:2 scope = {[13, 14]
( 0 0 )( 0 1 )( 0 2 )( 0 3 )( 0 4 )( 0 5 )( 0 6 )( 0 7 )( 0 8 )( 0 9 )( 1 0 )( 1 1 )( 1 3 )( 1 4 )( 1 5 )( 1 9 )( 2 0 )( 2 1 )( 2 2 )( 2 4 )( 2 5 )( 2 6 )( 2 7 )( 2 8 )( 2 9 )( 3 0 )( 3 1 )( 3 2 )( 3 3 )( 3 4 )( 3 5 )( 3 6 )( 3 7 )( 3 8 )( 3 9 )( 4 0 )( 4 1 )( 4 2 )( 4 3 )( 4 4 )( 4 5 )( 4 6 )( 4 8 )( 4 9 )( 5 0 )( 5 2 )( 5 3 )( 5 4 )( 5 5 )( 5 6 )( 5 7 )( 5 8 )( 5 9 )( 6 0 )( 6 1 )( 6 2 )( 6 3 )( 6 4 )( 6 6 )( 6 8 )( 6 9 )( 7 0 )( 7 2 )( 7 3 )( 7 4 )( 7 5 )( 7 6 )( 7 7 )( 7 8 )( 7 9 )( 8 0 )( 8 1 )( 8 3 )( 8 4 )( 8 7 )( 8 8 )( 9 0 )( 9 1 )( 9 2 )( 9 3 )( 9 4 )( 9 5 )( 9 6 )( 9 8 )( 9 9 )

id: 155 semantics: supports size: 85 arity:2 scope = {[13, 16]
( 0 0 )( 0 1 )( 0 2 )( 0 3 )( 0 4 )( 0 5 )( 0 6 )( 0 7 )( 0 8 )( 0 9 )( 1 0 )( 1 1 )( 1 2 )( 1 3 )( 1 4 )( 1 5 )( 1 6 )( 1 7 )( 2 1 )( 2 2 )( 2 3 )( 2 4 )( 2 5 )( 2 6 )( 2 7 )( 2 8 )( 2 9 )( 3 1 )( 3 2 )( 3 4 )( 3 6 )( 3 7 )( 3 8 )( 3 9 )( 4 1 )( 4 2 )( 4 3 )( 4 4 )( 4 6 )( 4 7 )( 4 8 )( 4 9 )( 5 0 )( 5 1 )( 5 4 )( 5 5 )( 5 6 )( 5 7 )( 5 8 )( 5 9 )( 6 0 )( 6 1 )( 6 2 )( 6 3 )( 6 4 )( 6 6 )( 6 7 )( 6 8 )( 6 9 )( 7 0 )( 7 1 )( 7 2 )( 7 3 )( 7 4 )( 7 5 )( 7 6 )( 7 7 )( 7 8 )( 7 9 )( 8 1 )( 8 2 )( 8 3 )( 8 4 )( 8 5 )( 8 6 )( 8 7 )( 8 9 )( 9 1 )( 9 2 )( 9 3 )( 9 4 )( 9 5 )( 9 6 )( 9 8 )( 9 9 )

id: 156 semantics: supports size: 85 arity:2 scope = {[13, 17]
( 0 0 )( 0 1 )( 0 2 )( 0 3 )( 0 4 )( 0 5 )( 0 6 )( 0 7 )( 0 8 )( 0 9 )( 1 0 )( 1 1 )( 1 2 )( 1 3 )( 1 4 )( 1 5 )( 1 6 )( 1 7 )( 1 8 )( 2 1 )( 2 2 )( 2 3 )( 2 4 )( 2 5 )( 2 6 )( 2 7 )( 2 9 )( 3 0 )( 3 1 )( 3 2 )( 3 3 )( 3 4 )( 3 5 )( 3 6 )( 3 7 )( 3 9 )( 4 0 )( 4 1 )( 4 3 )( 4 5 )( 4 7 )( 4 8 )( 4 9 )( 5 0 )( 5 1 )( 5 2 )( 5 3 )( 5 5 )( 5 6 )( 5 8 )( 5 9 )( 6 0 )( 6 1 )( 6 2 )( 6 3 )( 6 4 )( 6 5 )( 6 6 )( 6 7 )( 6 8 )( 6 9 )( 7 0 )( 7 1 )( 7 2 )( 7 5 )( 7 6 )( 7 7 )( 7 8 )( 7 9 )( 8 0 )( 8 1 )( 8 2 )( 8 3 )( 8 4 )( 8 5 )( 8 6 )( 8 8 )( 8 9 )( 9 0 )( 9 1 )( 9 2 )( 9 5 )( 9 6 )( 9 7 )( 9 9 )

id: 157 semantics: supports size: 85 arity:2 scope = {[13, 18]
( 0 1 )( 0 2 )( 0 3 )( 0 4 )( 0 5 )( 0 6 )( 0 7 )( 0 8 )( 0 9 )( 1 0 )( 1 2 )( 1 4 )( 1 5 )( 1 6 )( 1 7 )( 1 8 )( 1 9 )( 2 0 )( 2 1 )( 2 2 )( 2 4 )( 2 5 )( 2 6 )( 2 8 )( 2 9 )( 3 0 )( 3 1 )( 3 2 )( 3 3 )( 3 4 )( 3 5 )( 3 6 )( 3 7 )( 3 8 )( 4 0 )( 4 1 )( 4 2 )( 4 4 )( 4 5 )( 4 8 )( 4 9 )( 5 0 )( 5 1 )( 5 2 )( 5 4 )( 5 5 )( 5 7 )( 5 8 )( 5 9 )( 6 0 )( 6 1 )( 6 3 )( 6 4 )( 6 5 )( 6 6 )( 6 7 )( 6 8 )( 6 9 )( 7 1 )( 7 2 )( 7 4 )( 7 5 )( 7 6 )( 7 7 )( 7 8 )( 7 9 )( 8 0 )( 8 1 )( 8 2 )( 8 3 )( 8 4 )( 8 5 )( 8 6 )( 8 7 )( 8 8 )( 8 9 )( 9 0 )( 9 1 )( 9 2 )( 9 3 )( 9 4 )( 9 5 )( 9 6 )( 9 7 )( 9 8 )

id: 158 semantics: supports size: 85 arity:2 scope = {[13, 19]
( 0 0 )( 0 1 )( 0 2 )( 0 4 )( 0 5 )( 0 6 )( 0 8 )( 0 9 )( 1 0 )( 1 2 )( 1 3 )( 1 4 )( 1 5 )( 1 6 )( 1 7 )( 1 8 )( 1 9 )( 2 0 )( 2 1 )( 2 2 )( 2 3 )( 2 4 )( 2 5 )( 2 8 )( 2 9 )( 3 1 )( 3 2 )( 3 3 )( 3 4 )( 3 5 )( 3 7 )( 3 8 )( 3 9 )( 4 1 )( 4 2 )( 4 3 )( 4 4 )( 4 5 )( 4 6 )( 4 7 )( 4 8 )( 4 9 )( 5 0 )( 5 1 )( 5 3 )( 5 4 )( 5 5 )( 5 6 )( 5 7 )( 5 8 )( 5 9 )( 6 0 )( 6 1 )( 6 3 )( 6 4 )( 6 6 )( 6 7 )( 6 8 )( 7 0 )( 7 1 )( 7 2 )( 7 4 )( 7 5 )( 7 6 )( 7 7 )( 7 8 )( 7 9 )( 8 0 )( 8 1 )( 8 3 )( 8 4 )( 8 5 )( 8 6 )( 8 8 )( 8 9 )( 9 0 )( 9 1 )( 9 2 )( 9 3 )( 9 4 )( 9 5 )( 9 6 )( 9 7 )( 9 8 )( 9 9 )

id: 159 semantics: supports size: 85 arity:2 scope = {[13, 20]
( 0 0 )( 0 1 )( 0 2 )( 0 3 )( 0 4 )( 0 5 )( 0 6 )( 0 7 )( 0 9 )( 1 0 )( 1 1 )( 1 2 )( 1 3 )( 1 4 )( 1 5 )( 1 6 )( 1 9 )( 2 0 )( 2 1 )( 2 2 )( 2 3 )( 2 4 )( 2 6 )( 2 7 )( 2 8 )( 3 0 )( 3 1 )( 3 2 )( 3 4 )( 3 5 )( 3 6 )( 3 7 )( 3 8 )( 3 9 )( 4 1 )( 4 2 )( 4 3 )( 4 4 )( 4 5 )( 4 6 )( 4 7 )( 4 8 )( 5 0 )( 5 1 )( 5 2 )( 5 4 )( 5 6 )( 5 7 )( 5 8 )( 5 9 )( 6 0 )( 6 1 )( 6 2 )( 6 4 )( 6 5 )( 6 6 )( 6 7 )( 6 8 )( 6 9 )( 7 0 )( 7 1 )( 7 3 )( 7 4 )( 7 5 )( 7 6 )( 7 7 )( 7 8 )( 8 0 )( 8 1 )( 8 2 )( 8 3 )( 8 4 )( 8 5 )( 8 6 )( 8 8 )( 8 9 )( 9 1 )( 9 2 )( 9 3 )( 9 4 )( 9 5 )( 9 6 )( 9 7 )( 9 8 )( 9 9 )

id: 160 semantics: supports size: 85 arity:2 scope = {[13, 21]
( 0 0 )( 0 1 )( 0 2 )( 0 4 )( 0 5 )( 0 7 )( 0 8 )( 1 0 )( 1 1 )( 1 3 )( 1 4 )( 1 5 )( 1 6 )( 1 7 )( 1 8 )( 1 9 )( 2 0 )( 2 1 )( 2 2 )( 2 3 )( 2 4 )( 2 5 )( 2 6 )( 2 7 )( 2 8 )( 2 9 )( 3 0 )( 3 1 )( 3 3 )( 3 5 )( 3 6 )( 3 7 )( 3 8 )( 3 9 )( 4 0 )( 4 1 )( 4 3 )( 4 5 )( 4 6 )( 4 8 )( 4 9 )( 5 0 )( 5 1 )( 5 2 )( 5 3 )( 5 4 )( 5 5 )( 5 6 )( 5 7 )( 5 8 )( 6 0 )( 6 1 )( 6 2 )( 6 3 )( 6 4 )( 6 6 )( 6 7 )( 6 8 )( 6 9 )( 7 0 )( 7 2 )( 7 3 )( 7 4 )( 7 5 )( 7 6 )( 7 7 )( 7 8 )( 7 9 )( 8 0 )( 8 1 )( 8 2 )( 8 3 )( 8 4 )( 8 5 )( 8 7 )( 8 8 )( 8 9 )( 9 0 )( 9 2 )( 9 3 )( 9 4 )( 9 5 )( 9 6 )( 9 7 )( 9 9 )

id: 161 semantics: supports size: 85 arity:2 scope = {[13, 22]
( 0 0 )( 0 1 )( 0 2 )( 0 3 )( 0 4 )( 0 5 )( 0 6 )( 0 9 )( 1 0 )( 1 1 )( 1 4 )( 1 5 )( 1 6 )( 1 7 )( 1 8 )( 1 9 )( 2 1 )( 2 2 )( 2 3 )( 2 4 )( 2 6 )( 2 7 )( 2 8 )( 2 9 )( 3 0 )( 3 1 )( 3 2 )( 3 4 )( 3 5 )( 3 6 )( 3 7 )( 3 8 )( 4 0 )( 4 1 )( 4 2 )( 4 3 )( 4 4 )( 4 5 )( 4 6 )( 4 8 )( 5 1 )( 5 2 )( 5 3 )( 5 5 )( 5 6 )( 5 7 )( 5 8 )( 5 9 )( 6 0 )( 6 1 )( 6 2 )( 6 3 )( 6 4 )( 6 5 )( 6 6 )( 6 7 )( 6 8 )( 6 9 )( 7 0 )( 7 1 )( 7 2 )( 7 4 )( 7 5 )( 7 6 )( 7 7 )( 7 8 )( 7 9 )( 8 0 )( 8 1 )( 8 2 )( 8 3 )( 8 4 )( 8 5 )( 8 6 )( 8 8 )( 8 9 )( 9 0 )( 9 1 )( 9 2 )( 9 3 )( 9 4 )( 9 5 )( 9 6 )( 9 7 )( 9 8 )

id: 162 semantics: supports size: 85 arity:2 scope = {[13, 24]
( 0 1 )( 0 2 )( 0 3 )( 0 4 )( 0 5 )( 0 7 )( 0 8 )( 0 9 )( 1 0 )( 1 1 )( 1 2 )( 1 3 )( 1 4 )( 1 5 )( 1 6 )( 1 7 )( 1 8 )( 1 9 )( 2 0 )( 2 1 )( 2 2 )( 2 3 )( 2 4 )( 2 5 )( 2 6 )( 2 7 )( 2 8 )( 2 9 )( 3 0 )( 3 2 )( 3 3 )( 3 4 )( 3 5 )( 3 6 )( 3 8 )( 3 9 )( 4 0 )( 4 1 )( 4 2 )( 4 3 )( 4 4 )( 4 5 )( 4 6 )( 4 7 )( 5 0 )( 5 1 )( 5 2 )( 5 3 )( 5 4 )( 5 5 )( 5 6 )( 5 7 )( 5 9 )( 6 0 )( 6 1 )( 6 2 )( 6 3 )( 6 4 )( 6 5 )( 6 6 )( 6 7 )( 6 8 )( 7 0 )( 7 1 )( 7 2 )( 7 4 )( 7 6 )( 7 7 )( 7 9 )( 8 0 )( 8 1 )( 8 2 )( 8 5 )( 8 6 )( 8 7 )( 8 8 )( 9 1 )( 9 2 )( 9 3 )( 9 4 )( 9 5 )( 9 6 )( 9 7 )( 9 8 )( 9 9 )

id: 163 semantics: supports size: 85 arity:2 scope = {[14, 15]
( 0 0 )( 0 3 )( 0 4 )( 0 5 )( 0 7 )( 0 8 )( 0 9 )( 1 0 )( 1 1 )( 1 2 )( 1 3 )( 1 5 )( 1 6 )( 1 7 )( 1 9 )( 2 0 )( 2 4 )( 2 6 )( 2 7 )( 2 8 )( 2 9 )( 3 0 )( 3 1 )( 3 3 )( 3 4 )( 3 5 )( 3 6 )( 3 7 )( 3 9 )( 4 0 )( 4 1 )( 4 2 )( 4 3 )( 4 4 )( 4 5 )( 4 6 )( 4 7 )( 4 8 )( 4 9 )( 5 0 )( 5 1 )( 5 2 )( 5 3 )( 5 4 )( 5 5 )( 5 6 )( 5 7 )( 5 8 )( 5 9 )( 6 0 )( 6 1 )( 6 2 )( 6 4 )( 6 5 )( 6 6 )( 6 7 )( 6 9 )( 7 0 )( 7 1 )( 7 2 )( 7 3 )( 7 4 )( 7 5 )( 7 6 )( 7 7 )( 7 8 )( 7 9 )( 8 0 )( 8 1 )( 8 2 )( 8 3 )( 8 4 )( 8 5 )( 8 6 )( 8 7 )( 8 8 )( 8 9 )( 9 1 )( 9 2 )( 9 3 )( 9 4 )( 9 5 )( 9 6 )( 9 8 )( 9 9 )

id: 164 semantics: supports size: 85 arity:2 scope = {[14, 16]
( 0 1 )( 0 2 )( 0 3 )( 0 5 )( 0 6 )( 0 7 )( 0 8 )( 1 0 )( 1 1 )( 1 2 )( 1 3 )( 1 4 )( 1 5 )( 1 7 )( 1 8 )( 1 9 )( 2 0 )( 2 1 )( 2 2 )( 2 3 )( 2 4 )( 2 6 )( 2 7 )( 2 8 )( 2 9 )( 3 0 )( 3 1 )( 3 3 )( 3 4 )( 3 5 )( 3 6 )( 3 7 )( 4 0 )( 4 2 )( 4 3 )( 4 4 )( 4 5 )( 4 6 )( 4 7 )( 4 9 )( 5 0 )( 5 1 )( 5 2 )( 5 3 )( 5 4 )( 5 5 )( 5 6 )( 5 7 )( 5 8 )( 5 9 )( 6 1 )( 6 2 )( 6 3 )( 6 4 )( 6 5 )( 6 6 )( 6 7 )( 6 8 )( 6 9 )( 7 0 )( 7 1 )( 7 2 )( 7 3 )( 7 4 )( 7 5 )( 7 7 )( 7 8 )( 7 9 )( 8 0 )( 8 1 )( 8 2 )( 8 3 )( 8 4 )( 8 5 )( 8 6 )( 8 8 )( 8 9 )( 9 0 )( 9 1 )( 9 2 )( 9 5 )( 9 6 )( 9 7 )( 9 8 )( 9 9 )

id: 165 semantics: supports size: 85 arity:2 scope = {[14, 17]
( 0 1 )( 0 2 )( 0 3 )( 0 4 )( 0 5 )( 0 6 )( 0 8 )( 0 9 )( 1 1 )( 1 2 )( 1 4 )( 1 5 )( 1 7 )( 1 8 )( 1 9 )( 2 0 )( 2 1 )( 2 2 )( 2 3 )( 2 4 )( 2 5 )( 2 6 )( 2 7 )( 2 8 )( 2 9 )( 3 0 )( 3 1 )( 3 2 )( 3 3 )( 3 4 )( 3 5 )( 3 6 )( 3 7 )( 3 8 )( 3 9 )( 4 0 )( 4 1 )( 4 3 )( 4 4 )( 4 5 )( 4 6 )( 4 7 )( 4 8 )( 4 9 )( 5 0 )( 5 1 )( 5 2 )( 5 3 )( 5 4 )( 5 5 )( 5 7 )( 5 8 )( 5 9 )( 6 0 )( 6 2 )( 6 3 )( 6 4 )( 6 5 )( 6 6 )( 6 9 )( 7 0 )( 7 1 )( 7 2 )( 7 3 )( 7 4 )( 7 5 )( 7 6 )( 7 7 )( 7 8 )( 7 9 )( 8 1 )( 8 2 )( 8 3 )( 8 4 )( 8 6 )( 8 7 )( 8 8 )( 8 9 )( 9 0 )( 9 1 )( 9 4 )( 9 5 )( 9 7 )( 9 8 )( 9 9 )

id: 166 semantics: supports size: 85 arity:2 scope = {[14, 20]
( 0 1 )( 0 2 )( 0 4 )( 0 5 )( 0 6 )( 0 7 )( 0 8 )( 1 0 )( 1 1 )( 1 2 )( 1 3 )( 1 4 )( 1 6 )( 1 7 )( 1 8 )( 1 9 )( 2 0 )( 2 1 )( 2 2 )( 2 4 )( 2 5 )( 2 6 )( 2 8 )( 2 9 )( 3 0 )( 3 1 )( 3 2 )( 3 3 )( 3 4 )( 3 5 )( 3 6 )( 3 7 )( 3 8 )( 3 9 )( 4 0 )( 4 1 )( 4 2 )( 4 4 )( 4 5 )( 4 6 )( 4 7 )( 4 8 )( 4 9 )( 5 0 )( 5 1 )( 5 2 )( 5 7 )( 5 8 )( 5 9 )( 6 0 )( 6 1 )( 6 2 )( 6 3 )( 6 4 )( 6 5 )( 6 6 )( 6 8 )( 6 9 )( 7 0 )( 7 1 )( 7 2 )( 7 3 )( 7 4 )( 7 5 )( 7 6 )( 7 7 )( 7 8 )( 7 9 )( 8 0 )( 8 1 )( 8 2 )( 8 5 )( 8 6 )( 8 7 )( 8 8 )( 8 9 )( 9 0 )( 9 1 )( 9 2 )( 9 3 )( 9 4 )( 9 6 )( 9 7 )( 9 8 )( 9 9 )

id: 167 semantics: supports size: 85 arity:2 scope = {[14, 22]
( 0 0 )( 0 1 )( 0 3 )( 0 5 )( 0 6 )( 0 7 )( 0 8 )( 0 9 )( 1 0 )( 1 2 )( 1 3 )( 1 4 )( 1 5 )( 1 6 )( 1 7 )( 1 8 )( 1 9 )( 2 0 )( 2 1 )( 2 2 )( 2 4 )( 2 5 )( 2 6 )( 2 7 )( 2 8 )( 3 0 )( 3 2 )( 3 3 )( 3 4 )( 3 6 )( 3 8 )( 3 9 )( 4 0 )( 4 1 )( 4 2 )( 4 3 )( 4 4 )( 4 5 )( 4 7 )( 4 8 )( 4 9 )( 5 0 )( 5 1 )( 5 2 )( 5 3 )( 5 4 )( 5 5 )( 5 6 )( 5 7 )( 5 8 )( 5 9 )( 6 0 )( 6 1 )( 6 2 )( 6 3 )( 6 5 )( 6 6 )( 6 7 )( 6 8 )( 6 9 )( 7 0 )( 7 1 )( 7 2 )( 7 3 )( 7 4 )( 7 6 )( 7 7 )( 7 8 )( 7 9 )( 8 0 )( 8 1 )( 8 2 )( 8 3 )( 8 6 )( 8 7 )( 8 8 )( 9 0 )( 9 1 )( 9 3 )( 9 4 )( 9 5 )( 9 6 )( 9 7 )( 9 8 )( 9 9 )

id: 168 semantics: supports size: 85 arity:2 scope = {[14, 24]
( 0 0 )( 0 1 )( 0 2 )( 0 3 )( 0 4 )( 0 5 )( 0 6 )( 0 7 )( 0 8 )( 0 9 )( 1 2 )( 1 3 )( 1 4 )( 1 5 )( 1 7 )( 1 8 )( 2 0 )( 2 2 )( 2 3 )( 2 4 )( 2 5 )( 2 6 )( 2 7 )( 2 8 )( 3 0 )( 3 1 )( 3 2 )( 3 3 )( 3 4 )( 3 5 )( 3 6 )( 3 7 )( 3 9 )( 4 0 )( 4 1 )( 4 2 )( 4 4 )( 4 5 )( 4 6 )( 4 7 )( 4 8 )( 4 9 )( 5 0 )( 5 1 )( 5 2 )( 5 3 )( 5 5 )( 5 6 )( 5 7 )( 5 8 )( 5 9 )( 6 0 )( 6 2 )( 6 3 )( 6 4 )( 6 5 )( 6 6 )( 6 7 )( 6 8 )( 6 9 )( 7 0 )( 7 1 )( 7 2 )( 7 3 )( 7 4 )( 7 5 )( 7 6 )( 7 7 )( 7 9 )( 8 0 )( 8 1 )( 8 2 )( 8 3 )( 8 4 )( 8 5 )( 8 6 )( 9 0 )( 9 1 )( 9 2 )( 9 3 )( 9 4 )( 9 6 )( 9 7 )( 9 8 )( 9 9 )

id: 169 semantics: supports size: 85 arity:2 scope = {[15, 16]
( 0 0 )( 0 1 )( 0 2 )( 0 4 )( 0 5 )( 0 6 )( 0 7 )( 0 8 )( 0 9 )( 1 0 )( 1 1 )( 1 2 )( 1 3 )( 1 4 )( 1 5 )( 1 6 )( 1 8 )( 1 9 )( 2 2 )( 2 3 )( 2 4 )( 2 6 )( 2 7 )( 2 8 )( 3 0 )( 3 1 )( 3 2 )( 3 3 )( 3 4 )( 3 5 )( 3 6 )( 3 7 )( 3 8 )( 3 9 )( 4 1 )( 4 2 )( 4 3 )( 4 6 )( 4 7 )( 4 8 )( 4 9 )( 5 1 )( 5 2 )( 5 3 )( 5 4 )( 5 5 )( 5 7 )( 5 8 )( 5 9 )( 6 0 )( 6 1 )( 6 2 )( 6 3 )( 6 4 )( 6 5 )( 6 7 )( 6 8 )( 6 9 )( 7 0 )( 7 1 )( 7 2 )( 7 3 )( 7 4 )( 7 6 )( 7 7 )( 7 9 )( 8 0 )( 8 1 )( 8 2 )( 8 3 )( 8 4 )( 8 5 )( 8 6 )( 8 7 )( 8 8 )( 8 9 )( 9 1 )( 9 2 )( 9 3 )( 9 4 )( 9 5 )( 9 6 )( 9 7 )( 9 8 )( 9 9 )

id: 170 semantics: supports size: 85 arity:2 scope = {[15, 17]
( 0 0 )( 0 2 )( 0 3 )( 0 4 )( 0 6 )( 0 7 )( 0 8 )( 0 9 )( 1 0 )( 1 1 )( 1 3 )( 1 4 )( 1 5 )( 1 7 )( 1 8 )( 2 0 )( 2 1 )( 2 2 )( 2 4 )( 2 7 )( 2 8 )( 2 9 )( 3 0 )( 3 1 )( 3 2 )( 3 3 )( 3 4 )( 3 5 )( 3 6 )( 3 9 )( 4 0 )( 4 1 )( 4 2 )( 4 4 )( 4 5 )( 4 6 )( 4 7 )( 4 8 )( 4 9 )( 5 0 )( 5 1 )( 5 2 )( 5 3 )( 5 4 )( 5 5 )( 5 6 )( 5 8 )( 5 9 )( 6 0 )( 6 1 )( 6 2 )( 6 3 )( 6 4 )( 6 5 )( 6 6 )( 6 7 )( 6 8 )( 7 0 )( 7 1 )( 7 2 )( 7 3 )( 7 4 )( 7 5 )( 7 6 )( 7 7 )( 7 9 )( 8 0 )( 8 1 )( 8 2 )( 8 3 )( 8 4 )( 8 5 )( 8 7 )( 8 8 )( 8 9 )( 9 0 )( 9 1 )( 9 2 )( 9 3 )( 9 4 )( 9 5 )( 9 6 )( 9 7 )( 9 8 )( 9 9 )

id: 171 semantics: supports size: 85 arity:2 scope = {[15, 21]
( 0 0 )( 0 1 )( 0 2 )( 0 3 )( 0 5 )( 0 6 )( 0 9 )( 1 0 )( 1 1 )( 1 4 )( 1 5 )( 1 6 )( 1 7 )( 2 0 )( 2 1 )( 2 2 )( 2 3 )( 2 4 )( 2 5 )( 2 6 )( 2 8 )( 2 9 )( 3 0 )( 3 1 )( 3 2 )( 3 3 )( 3 4 )( 3 5 )( 3 6 )( 3 7 )( 3 8 )( 3 9 )( 4 0 )( 4 1 )( 4 2 )( 4 3 )( 4 5 )( 4 6 )( 4 7 )( 4 8 )( 4 9 )( 5 0 )( 5 1 )( 5 2 )( 5 3 )( 5 4 )( 5 5 )( 5 6 )( 5 7 )( 5 8 )( 5 9 )( 6 0 )( 6 1 )( 6 3 )( 6 4 )( 6 5 )( 6 6 )( 6 7 )( 6 8 )( 6 9 )( 7 0 )( 7 1 )( 7 2 )( 7 3 )( 7 4 )( 7 6 )( 7 7 )( 7 9 )( 8 0 )( 8 1 )( 8 2 )( 8 3 )( 8 4 )( 8 5 )( 8 6 )( 8 7 )( 8 8 )( 8 9 )( 9 0 )( 9 1 )( 9 2 )( 9 4 )( 9 5 )( 9 7 )( 9 8 )

id: 172 semantics: supports size: 85 arity:2 scope = {[15, 22]
( 0 0 )( 0 1 )( 0 2 )( 0 4 )( 0 5 )( 0 6 )( 0 7 )( 0 8 )( 0 9 )( 1 0 )( 1 1 )( 1 2 )( 1 4 )( 1 5 )( 1 6 )( 1 7 )( 1 8 )( 1 9 )( 2 0 )( 2 1 )( 2 2 )( 2 3 )( 2 4 )( 2 5 )( 2 6 )( 2 8 )( 2 9 )( 3 0 )( 3 1 )( 3 4 )( 3 5 )( 3 6 )( 3 7 )( 3 8 )( 3 9 )( 4 0 )( 4 1 )( 4 2 )( 4 3 )( 4 4 )( 4 5 )( 4 7 )( 4 8 )( 4 9 )( 5 0 )( 5 1 )( 5 2 )( 5 3 )( 5 4 )( 5 5 )( 5 6 )( 5 7 )( 5 8 )( 5 9 )( 6 1 )( 6 2 )( 6 3 )( 6 4 )( 6 5 )( 6 6 )( 6 8 )( 7 0 )( 7 2 )( 7 3 )( 7 4 )( 7 5 )( 7 6 )( 7 7 )( 7 8 )( 8 0 )( 8 1 )( 8 2 )( 8 5 )( 8 6 )( 8 7 )( 8 8 )( 9 0 )( 9 1 )( 9 2 )( 9 3 )( 9 4 )( 9 5 )( 9 7 )( 9 8 )( 9 9 )

id: 173 semantics: supports size: 85 arity:2 scope = {[15, 23]
( 0 1 )( 0 2 )( 0 3 )( 0 4 )( 0 5 )( 0 6 )( 0 8 )( 0 9 )( 1 0 )( 1 1 )( 1 3 )( 1 4 )( 1 5 )( 1 6 )( 1 7 )( 1 8 )( 1 9 )( 2 0 )( 2 1 )( 2 2 )( 2 3 )( 2 4 )( 2 5 )( 2 6 )( 2 8 )( 3 0 )( 3 1 )( 3 2 )( 3 4 )( 3 5 )( 3 6 )( 3 7 )( 3 8 )( 3 9 )( 4 2 )( 4 3 )( 4 4 )( 4 5 )( 4 7 )( 4 8 )( 4 9 )( 5 0 )( 5 1 )( 5 2 )( 5 3 )( 5 5 )( 5 7 )( 5 8 )( 6 0 )( 6 2 )( 6 3 )( 6 4 )( 6 5 )( 6 6 )( 6 7 )( 6 8 )( 6 9 )( 7 0 )( 7 1 )( 7 2 )( 7 3 )( 7 4 )( 7 5 )( 7 6 )( 7 7 )( 7 8 )( 7 9 )( 8 0 )( 8 1 )( 8 2 )( 8 3 )( 8 4 )( 8 5 )( 8 7 )( 8 8 )( 9 0 )( 9 1 )( 9 2 )( 9 3 )( 9 4 )( 9 5 )( 9 6 )( 9 7 )( 9 8 )( 9 9 )

id: 174 semantics: supports size: 85 arity:2 scope = {[15, 24]
( 0 0 )( 0 1 )( 0 3 )( 0 4 )( 0 5 )( 0 6 )( 0 7 )( 0 8 )( 0 9 )( 1 1 )( 1 2 )( 1 3 )( 1 4 )( 1 5 )( 1 6 )( 1 7 )( 1 8 )( 1 9 )( 2 0 )( 2 1 )( 2 3 )( 2 4 )( 2 5 )( 2 6 )( 2 7 )( 2 9 )( 3 0 )( 3 1 )( 3 2 )( 3 3 )( 3 4 )( 3 5 )( 3 6 )( 3 7 )( 3 8 )( 3 9 )( 4 0 )( 4 1 )( 4 2 )( 4 4 )( 4 5 )( 4 8 )( 4 9 )( 5 0 )( 5 1 )( 5 2 )( 5 4 )( 5 5 )( 5 6 )( 5 8 )( 5 9 )( 6 1 )( 6 2 )( 6 3 )( 6 5 )( 6 6 )( 6 7 )( 6 9 )( 7 0 )( 7 1 )( 7 2 )( 7 3 )( 7 5 )( 7 6 )( 7 7 )( 7 8 )( 8 0 )( 8 2 )( 8 3 )( 8 4 )( 8 5 )( 8 6 )( 8 7 )( 8 8 )( 8 9 )( 9 0 )( 9 1 )( 9 2 )( 9 3 )( 9 4 )( 9 5 )( 9 6 )( 9 7 )( 9 8 )( 9 9 )

id: 175 semantics: supports size: 85 arity:2 scope = {[16, 17]
( 0 0 )( 0 1 )( 0 3 )( 0 4 )( 0 5 )( 0 6 )( 0 7 )( 0 8 )( 1 0 )( 1 1 )( 1 2 )( 1 3 )( 1 4 )( 1 5 )( 1 7 )( 1 8 )( 1 9 )( 2 0 )( 2 1 )( 2 2 )( 2 4 )( 2 5 )( 2 6 )( 2 7 )( 2 8 )( 2 9 )( 3 0 )( 3 1 )( 3 2 )( 3 3 )( 3 4 )( 3 5 )( 3 6 )( 3 7 )( 3 8 )( 3 9 )( 4 0 )( 4 1 )( 4 2 )( 4 3 )( 4 4 )( 4 5 )( 4 7 )( 4 8 )( 4 9 )( 5 0 )( 5 1 )( 5 2 )( 5 5 )( 5 7 )( 5 8 )( 5 9 )( 6 0 )( 6 1 )( 6 3 )( 6 5 )( 6 6 )( 6 7 )( 6 8 )( 6 9 )( 7 0 )( 7 2 )( 7 3 )( 7 4 )( 7 5 )( 7 6 )( 7 7 )( 7 8 )( 7 9 )( 8 0 )( 8 1 )( 8 2 )( 8 3 )( 8 4 )( 8 5 )( 8 6 )( 8 7 )( 8 8 )( 9 0 )( 9 4 )( 9 5 )( 9 6 )( 9 7 )( 9 8 )( 9 9 )

id: 176 semantics: supports size: 85 arity:2 scope = {[16, 18]
( 0 0 )( 0 1 )( 0 2 )( 0 3 )( 0 4 )( 0 5 )( 0 6 )( 0 7 )( 0 8 )( 1 0 )( 1 1 )( 1 2 )( 1 3 )( 1 4 )( 1 5 )( 1 6 )( 1 7 )( 1 8 )( 2 0 )( 2 2 )( 2 3 )( 2 4 )( 2 5 )( 2 6 )( 2 7 )( 2 8 )( 2 9 )( 3 1 )( 3 2 )( 3 3 )( 3 4 )( 3 5 )( 3 6 )( 3 7 )( 3 8 )( 3 9 )( 4 0 )( 4 1 )( 4 2 )( 4 3 )( 4 6 )( 4 7 )( 4 8 )( 4 9 )( 5 0 )( 5 1 )( 5 3 )( 5 4 )( 5 5 )( 5 6 )( 5 7 )( 6 0 )( 6 1 )( 6 2 )( 6 3 )( 6 4 )( 6 5 )( 6 6 )( 6 7 )( 6 8 )( 7 1 )( 7 2 )( 7 3 )( 7 4 )( 7 5 )( 7 6 )( 7 7 )( 7 8 )( 7 9 )( 8 0 )( 8 1 )( 8 2 )( 8 3 )( 8 4 )( 8 5 )( 8 6 )( 8 7 )( 8 8 )( 8 9 )( 9 0 )( 9 3 )( 9 4 )( 9 7 )( 9 8 )( 9 9 )

id: 177 semantics: supports size: 85 arity:2 scope = {[16, 19]
( 0 1 )( 0 2 )( 0 3 )( 0 4 )( 0 5 )( 0 6 )( 0 7 )( 0 8 )( 0 9 )( 1 2 )( 1 3 )( 1 4 )( 1 5 )( 1 6 )( 1 7 )( 1 8 )( 1 9 )( 2 2 )( 2 3 )( 2 4 )( 2 5 )( 2 6 )( 2 7 )( 2 8 )( 3 1 )( 3 2 )( 3 3 )( 3 4 )( 3 5 )( 3 6 )( 3 7 )( 3 8 )( 3 9 )( 4 0 )( 4 1 )( 4 2 )( 4 3 )( 4 4 )( 4 5 )( 4 6 )( 4 7 )( 4 8 )( 4 9 )( 5 0 )( 5 1 )( 5 2 )( 5 3 )( 5 4 )( 5 5 )( 5 7 )( 5 8 )( 6 1 )( 6 2 )( 6 3 )( 6 4 )( 6 5 )( 6 6 )( 6 7 )( 6 8 )( 6 9 )( 7 0 )( 7 1 )( 7 2 )( 7 3 )( 7 4 )( 7 5 )( 7 7 )( 7 8 )( 7 9 )( 8 0 )( 8 1 )( 8 2 )( 8 3 )( 8 4 )( 8 6 )( 8 8 )( 8 9 )( 9 0 )( 9 1 )( 9 3 )( 9 4 )( 9 5 )( 9 6 )( 9 8 )( 9 9 )

id: 178 semantics: supports size: 85 arity:2 scope = {[16, 20]
( 0 0 )( 0 1 )( 0 2 )( 0 3 )( 0 4 )( 0 5 )( 0 6 )( 0 8 )( 0 9 )( 1 0 )( 1 2 )( 1 3 )( 1 4 )( 1 5 )( 1 6 )( 1 7 )( 1 8 )( 1 9 )( 2 0 )( 2 2 )( 2 3 )( 2 4 )( 2 5 )( 2 6 )( 2 8 )( 3 0 )( 3 1 )( 3 2 )( 3 3 )( 3 4 )( 3 5 )( 3 6 )( 3 9 )( 4 0 )( 4 1 )( 4 3 )( 4 4 )( 4 5 )( 4 6 )( 4 7 )( 4 8 )( 5 1 )( 5 2 )( 5 3 )( 5 4 )( 5 5 )( 5 6 )( 5 7 )( 5 8 )( 6 0 )( 6 1 )( 6 2 )( 6 3 )( 6 4 )( 6 5 )( 6 6 )( 6 7 )( 6 8 )( 6 9 )( 7 0 )( 7 1 )( 7 2 )( 7 3 )( 7 4 )( 7 5 )( 7 6 )( 7 7 )( 7 8 )( 7 9 )( 8 0 )( 8 1 )( 8 4 )( 8 5 )( 8 6 )( 8 7 )( 8 8 )( 8 9 )( 9 0 )( 9 1 )( 9 4 )( 9 5 )( 9 6 )( 9 7 )( 9 8 )( 9 9 )

id: 179 semantics: supports size: 85 arity:2 scope = {[16, 21]
( 0 0 )( 0 1 )( 0 2 )( 0 3 )( 0 4 )( 0 6 )( 0 7 )( 0 8 )( 0 9 )( 1 0 )( 1 1 )( 1 2 )( 1 3 )( 1 4 )( 1 5 )( 1 6 )( 1 7 )( 1 8 )( 1 9 )( 2 0 )( 2 1 )( 2 2 )( 2 3 )( 2 5 )( 2 6 )( 2 7 )( 2 9 )( 3 1 )( 3 2 )( 3 3 )( 3 4 )( 3 5 )( 3 6 )( 3 7 )( 3 8 )( 4 0 )( 4 1 )( 4 2 )( 4 3 )( 4 4 )( 4 5 )( 4 6 )( 4 7 )( 4 8 )( 4 9 )( 5 0 )( 5 1 )( 5 4 )( 5 6 )( 5 9 )( 6 0 )( 6 1 )( 6 2 )( 6 3 )( 6 4 )( 6 5 )( 6 7 )( 6 8 )( 6 9 )( 7 2 )( 7 3 )( 7 4 )( 7 5 )( 7 6 )( 7 7 )( 7 8 )( 8 0 )( 8 2 )( 8 3 )( 8 4 )( 8 5 )( 8 6 )( 8 7 )( 8 8 )( 8 9 )( 9 0 )( 9 1 )( 9 2 )( 9 3 )( 9 4 )( 9 5 )( 9 6 )( 9 7 )( 9 8 )( 9 9 )

id: 180 semantics: supports size: 85 arity:2 scope = {[16, 23]
( 0 0 )( 0 2 )( 0 3 )( 0 4 )( 0 5 )( 0 7 )( 0 8 )( 0 9 )( 1 0 )( 1 1 )( 1 3 )( 1 4 )( 1 5 )( 1 6 )( 1 7 )( 1 8 )( 1 9 )( 2 1 )( 2 2 )( 2 3 )( 2 4 )( 2 5 )( 2 6 )( 2 8 )( 2 9 )( 3 0 )( 3 1 )( 3 2 )( 3 3 )( 3 4 )( 3 5 )( 3 6 )( 3 7 )( 3 8 )( 3 9 )( 4 0 )( 4 2 )( 4 3 )( 4 4 )( 4 5 )( 4 6 )( 4 7 )( 4 8 )( 4 9 )( 5 1 )( 5 2 )( 5 4 )( 5 5 )( 5 7 )( 5 8 )( 5 9 )( 6 1 )( 6 2 )( 6 3 )( 6 4 )( 6 5 )( 6 6 )( 6 8 )( 6 9 )( 7 1 )( 7 2 )( 7 3 )( 7 4 )( 7 5 )( 7 6 )( 7 7 )( 7 8 )( 7 9 )( 8 1 )( 8 2 )( 8 3 )( 8 4 )( 8 5 )( 8 6 )( 8 7 )( 8 9 )( 9 1 )( 9 2 )( 9 3 )( 9 4 )( 9 5 )( 9 6 )( 9 7 )( 9 8 )( 9 9 )

id: 181 semantics: supports size: 85 arity:2 scope = {[17, 18]
( 0 0 )( 0 1 )( 0 2 )( 0 3 )( 0 5 )( 0 6 )( 0 7 )( 0 8 )( 0 9 )( 1 1 )( 1 2 )( 1 3 )( 1 4 )( 1 5 )( 1 6 )( 1 7 )( 1 8 )( 1 9 )( 2 0 )( 2 1 )( 2 2 )( 2 3 )( 2 4 )( 2 5 )( 2 6 )( 2 7 )( 2 9 )( 3 0 )( 3 1 )( 3 3 )( 3 4 )( 3 5 )( 3 6 )( 3 7 )( 3 8 )( 3 9 )( 4 0 )( 4 1 )( 4 2 )( 4 4 )( 4 5 )( 4 6 )( 4 7 )( 4 8 )( 4 9 )( 5 0 )( 5 1 )( 5 2 )( 5 3 )( 5 4 )( 5 6 )( 5 7 )( 5 8 )( 5 9 )( 6 1 )( 6 2 )( 6 3 )( 6 5 )( 6 6 )( 6 7 )( 6 9 )( 7 0 )( 7 1 )( 7 2 )( 7 3 )( 7 4 )( 7 5 )( 7 7 )( 7 9 )( 8 0 )( 8 1 )( 8 3 )( 8 4 )( 8 6 )( 8 7 )( 8 8 )( 9 0 )( 9 1 )( 9 2 )( 9 3 )( 9 4 )( 9 5 )( 9 6 )( 9 7 )( 9 8 )

id: 182 semantics: supports size: 85 arity:2 scope = {[17, 19]
( 0 0 )( 0 1 )( 0 2 )( 0 5 )( 0 6 )( 0 7 )( 0 8 )( 0 9 )( 1 0 )( 1 1 )( 1 3 )( 1 4 )( 1 5 )( 1 6 )( 1 7 )( 1 8 )( 1 9 )( 2 1 )( 2 2 )( 2 3 )( 2 4 )( 2 5 )( 2 6 )( 2 7 )( 2 8 )( 2 9 )( 3 0 )( 3 1 )( 3 2 )( 3 3 )( 3 5 )( 3 6 )( 3 7 )( 3 8 )( 3 9 )( 4 0 )( 4 1 )( 4 2 )( 4 3 )( 4 4 )( 4 5 )( 4 7 )( 4 9 )( 5 0 )( 5 1 )( 5 2 )( 5 3 )( 5 4 )( 5 5 )( 5 7 )( 5 8 )( 6 0 )( 6 1 )( 6 2 )( 6 4 )( 6 5 )( 6 8 )( 6 9 )( 7 0 )( 7 1 )( 7 2 )( 7 3 )( 7 4 )( 7 5 )( 7 6 )( 7 7 )( 7 8 )( 7 9 )( 8 0 )( 8 1 )( 8 3 )( 8 4 )( 8 5 )( 8 6 )( 8 7 )( 8 8 )( 8 9 )( 9 0 )( 9 1 )( 9 3 )( 9 4 )( 9 5 )( 9 6 )( 9 8 )( 9 9 )

id: 183 semantics: supports size: 85 arity:2 scope = {[17, 21]
( 0 0 )( 0 1 )( 0 2 )( 0 3 )( 0 4 )( 0 5 )( 0 6 )( 0 7 )( 0 8 )( 1 0 )( 1 1 )( 1 2 )( 1 3 )( 1 4 )( 1 6 )( 1 7 )( 1 9 )( 2 0 )( 2 1 )( 2 2 )( 2 3 )( 2 4 )( 2 5 )( 2 6 )( 2 7 )( 2 9 )( 3 0 )( 3 1 )( 3 2 )( 3 3 )( 3 4 )( 3 6 )( 3 7 )( 3 8 )( 3 9 )( 4 0 )( 4 1 )( 4 2 )( 4 3 )( 4 4 )( 4 6 )( 4 7 )( 4 8 )( 4 9 )( 5 0 )( 5 1 )( 5 2 )( 5 3 )( 5 5 )( 5 6 )( 5 9 )( 6 0 )( 6 1 )( 6 2 )( 6 3 )( 6 4 )( 6 5 )( 6 6 )( 6 7 )( 6 8 )( 6 9 )( 7 0 )( 7 1 )( 7 3 )( 7 4 )( 7 5 )( 7 6 )( 7 7 )( 7 8 )( 7 9 )( 8 1 )( 8 2 )( 8 4 )( 8 5 )( 8 6 )( 8 7 )( 8 9 )( 9 0 )( 9 1 )( 9 3 )( 9 4 )( 9 5 )( 9 6 )( 9 8 )( 9 9 )

id: 184 semantics: supports size: 85 arity:2 scope = {[17, 22]
( 0 2 )( 0 3 )( 0 4 )( 0 5 )( 0 6 )( 0 7 )( 0 8 )( 1 0 )( 1 1 )( 1 2 )( 1 3 )( 1 4 )( 1 5 )( 1 7 )( 1 8 )( 1 9 )( 2 1 )( 2 2 )( 2 4 )( 2 5 )( 2 6 )( 2 7 )( 2 8 )( 2 9 )( 3 0 )( 3 1 )( 3 2 )( 3 3 )( 3 4 )( 3 5 )( 3 6 )( 3 7 )( 3 8 )( 3 9 )( 4 1 )( 4 2 )( 4 4 )( 4 5 )( 4 6 )( 4 7 )( 4 8 )( 4 9 )( 5 1 )( 5 2 )( 5 3 )( 5 4 )( 5 5 )( 5 9 )( 6 0 )( 6 1 )( 6 2 )( 6 3 )( 6 4 )( 6 5 )( 6 6 )( 6 7 )( 6 8 )( 7 0 )( 7 1 )( 7 2 )( 7 3 )( 7 4 )( 7 5 )( 7 6 )( 7 7 )( 7 8 )( 7 9 )( 8 0 )( 8 1 )( 8 2 )( 8 4 )( 8 5 )( 8 6 )( 8 7 )( 8 8 )( 8 9 )( 9 0 )( 9 1 )( 9 2 )( 9 4 )( 9 5 )( 9 6 )( 9 7 )( 9 8 )( 9 9 )

id: 185 semantics: supports size: 85 arity:2 scope = {[17, 23]
( 0 0 )( 0 1 )( 0 3 )( 0 4 )( 0 5 )( 0 6 )( 0 7 )( 0 8 )( 0 9 )( 1 1 )( 1 2 )( 1 5 )( 1 7 )( 1 8 )( 1 9 )( 2 1 )( 2 2 )( 2 3 )( 2 4 )( 2 5 )( 2 6 )( 2 8 )( 2 9 )( 3 1 )( 3 2 )( 3 4 )( 3 5 )( 3 6 )( 3 7 )( 3 8 )( 3 9 )( 4 0 )( 4 1 )( 4 2 )( 4 3 )( 4 4 )( 4 5 )( 4 6 )( 4 7 )( 4 8 )( 5 0 )( 5 1 )( 5 2 )( 5 3 )( 5 4 )( 5 5 )( 5 6 )( 5 7 )( 5 8 )( 5 9 )( 6 1 )( 6 2 )( 6 4 )( 6 5 )( 6 6 )( 6 7 )( 6 8 )( 6 9 )( 7 0 )( 7 1 )( 7 2 )( 7 3 )( 7 4 )( 7 5 )( 7 7 )( 7 8 )( 7 9 )( 8 0 )( 8 1 )( 8 2 )( 8 3 )( 8 5 )( 8 6 )( 8 7 )( 8 8 )( 8 9 )( 9 1 )( 9 2 )( 9 3 )( 9 4 )( 9 5 )( 9 6 )( 9 7 )( 9 8 )( 9 9 )

id: 186 semantics: supports size: 85 arity:2 scope = {[17, 24]
( 0 0 )( 0 1 )( 0 2 )( 0 3 )( 0 4 )( 0 5 )( 0 6 )( 0 7 )( 0 8 )( 0 9 )( 1 0 )( 1 1 )( 1 2 )( 1 3 )( 1 4 )( 1 6 )( 1 7 )( 1 9 )( 2 0 )( 2 1 )( 2 3 )( 2 5 )( 2 6 )( 2 7 )( 2 8 )( 2 9 )( 3 0 )( 3 2 )( 3 5 )( 3 6 )( 3 9 )( 4 0 )( 4 1 )( 4 2 )( 4 3 )( 4 4 )( 4 5 )( 4 7 )( 4 8 )( 4 9 )( 5 0 )( 5 1 )( 5 2 )( 5 3 )( 5 4 )( 5 5 )( 5 6 )( 5 7 )( 5 8 )( 5 9 )( 6 0 )( 6 1 )( 6 2 )( 6 3 )( 6 4 )( 6 6 )( 6 7 )( 6 8 )( 6 9 )( 7 0 )( 7 2 )( 7 3 )( 7 4 )( 7 5 )( 7 6 )( 7 7 )( 7 8 )( 7 9 )( 8 0 )( 8 2 )( 8 3 )( 8 4 )( 8 5 )( 8 7 )( 8 8 )( 8 9 )( 9 0 )( 9 1 )( 9 2 )( 9 3 )( 9 4 )( 9 6 )( 9 7 )( 9 8 )( 9 9 )

id: 187 semantics: supports size: 85 arity:2 scope = {[18, 19]
( 0 0 )( 0 1 )( 0 2 )( 0 3 )( 0 4 )( 0 5 )( 0 6 )( 0 7 )( 0 8 )( 0 9 )( 1 0 )( 1 1 )( 1 2 )( 1 4 )( 1 5 )( 1 6 )( 1 8 )( 1 9 )( 2 0 )( 2 2 )( 2 3 )( 2 4 )( 2 5 )( 2 6 )( 2 7 )( 2 9 )( 3 0 )( 3 1 )( 3 2 )( 3 3 )( 3 4 )( 3 5 )( 3 6 )( 3 7 )( 3 9 )( 4 0 )( 4 1 )( 4 2 )( 4 3 )( 4 4 )( 4 8 )( 4 9 )( 5 0 )( 5 1 )( 5 2 )( 5 3 )( 5 4 )( 5 5 )( 5 7 )( 5 8 )( 5 9 )( 6 0 )( 6 1 )( 6 2 )( 6 3 )( 6 4 )( 6 5 )( 6 6 )( 6 9 )( 7 0 )( 7 1 )( 7 2 )( 7 3 )( 7 4 )( 7 5 )( 7 6 )( 7 7 )( 7 8 )( 7 9 )( 8 0 )( 8 1 )( 8 3 )( 8 4 )( 8 6 )( 8 7 )( 8 8 )( 9 0 )( 9 1 )( 9 2 )( 9 3 )( 9 4 )( 9 5 )( 9 6 )( 9 7 )( 9 9 )

id: 188 semantics: supports size: 85 arity:2 scope = {[18, 20]
( 0 0 )( 0 1 )( 0 2 )( 0 3 )( 0 4 )( 0 5 )( 0 6 )( 0 7 )( 0 8 )( 0 9 )( 1 0 )( 1 1 )( 1 2 )( 1 3 )( 1 4 )( 1 5 )( 1 6 )( 1 7 )( 1 9 )( 2 0 )( 2 1 )( 2 2 )( 2 3 )( 2 4 )( 2 5 )( 2 6 )( 2 7 )( 2 8 )( 2 9 )( 3 0 )( 3 1 )( 3 2 )( 3 3 )( 3 4 )( 3 5 )( 3 6 )( 3 7 )( 3 8 )( 3 9 )( 4 0 )( 4 1 )( 4 2 )( 4 4 )( 4 6 )( 4 8 )( 5 0 )( 5 2 )( 5 3 )( 5 4 )( 5 5 )( 5 6 )( 5 7 )( 6 1 )( 6 2 )( 6 3 )( 6 4 )( 6 6 )( 6 7 )( 6 8 )( 6 9 )( 7 0 )( 7 2 )( 7 5 )( 7 6 )( 7 7 )( 7 8 )( 7 9 )( 8 0 )( 8 2 )( 8 3 )( 8 4 )( 8 5 )( 8 6 )( 8 7 )( 8 8 )( 8 9 )( 9 0 )( 9 1 )( 9 2 )( 9 3 )( 9 5 )( 9 6 )( 9 7 )( 9 8 )( 9 9 )

id: 189 semantics: supports size: 85 arity:2 scope = {[18, 21]
( 0 0 )( 0 1 )( 0 3 )( 0 4 )( 0 5 )( 0 6 )( 0 7 )( 0 8 )( 0 9 )( 1 0 )( 1 1 )( 1 2 )( 1 3 )( 1 4 )( 1 5 )( 1 6 )( 1 7 )( 1 8 )( 1 9 )( 2 0 )( 2 1 )( 2 2 )( 2 3 )( 2 4 )( 2 5 )( 2 8 )( 2 9 )( 3 0 )( 3 1 )( 3 2 )( 3 3 )( 3 4 )( 3 5 )( 3 8 )( 3 9 )( 4 0 )( 4 1 )( 4 2 )( 4 4 )( 4 5 )( 4 6 )( 4 7 )( 4 8 )( 4 9 )( 5 1 )( 5 2 )( 5 3 )( 5 4 )( 5 5 )( 5 6 )( 5 7 )( 5 8 )( 5 9 )( 6 0 )( 6 1 )( 6 4 )( 6 5 )( 6 6 )( 6 7 )( 6 8 )( 7 1 )( 7 3 )( 7 4 )( 7 5 )( 7 7 )( 7 8 )( 7 9 )( 8 0 )( 8 1 )( 8 3 )( 8 4 )( 8 5 )( 8 6 )( 8 7 )( 8 8 )( 9 0 )( 9 1 )( 9 2 )( 9 3 )( 9 4 )( 9 5 )( 9 6 )( 9 7 )( 9 8 )( 9 9 )

id: 190 semantics: supports size: 85 arity:2 scope = {[18, 22]
( 0 0 )( 0 1 )( 0 2 )( 0 3 )( 0 4 )( 0 5 )( 0 7 )( 0 8 )( 0 9 )( 1 0 )( 1 1 )( 1 2 )( 1 3 )( 1 4 )( 1 5 )( 1 6 )( 1 7 )( 1 9 )( 2 0 )( 2 1 )( 2 2 )( 2 3 )( 2 4 )( 2 5 )( 2 7 )( 2 8 )( 2 9 )( 3 0 )( 3 1 )( 3 3 )( 3 4 )( 3 5 )( 3 7 )( 3 8 )( 4 0 )( 4 2 )( 4 3 )( 4 5 )( 4 6 )( 4 7 )( 4 8 )( 4 9 )( 5 0 )( 5 1 )( 5 3 )( 5 4 )( 5 5 )( 5 6 )( 5 7 )( 5 8 )( 6 0 )( 6 3 )( 6 4 )( 6 5 )( 6 6 )( 6 7 )( 6 8 )( 6 9 )( 7 0 )( 7 1 )( 7 2 )( 7 3 )( 7 4 )( 7 6 )( 7 7 )( 7 9 )( 8 0 )( 8 1 )( 8 2 )( 8 3 )( 8 4 )( 8 5 )( 8 6 )( 8 8 )( 8 9 )( 9 0 )( 9 1 )( 9 2 )( 9 3 )( 9 4 )( 9 5 )( 9 6 )( 9 7 )( 9 8 )( 9 9 )

id: 191 semantics: supports size: 85 arity:2 scope = {[18, 23]
( 0 1 )( 0 2 )( 0 3 )( 0 4 )( 0 5 )( 0 6 )( 0 7 )( 0 9 )( 1 0 )( 1 1 )( 1 2 )( 1 3 )( 1 4 )( 1 6 )( 1 8 )( 2 0 )( 2 1 )( 2 2 )( 2 3 )( 2 4 )( 2 5 )( 2 6 )( 2 7 )( 2 8 )( 2 9 )( 3 0 )( 3 1 )( 3 2 )( 3 3 )( 3 4 )( 3 5 )( 3 6 )( 3 7 )( 4 1 )( 4 2 )( 4 3 )( 4 4 )( 4 5 )( 4 6 )( 4 7 )( 4 8 )( 5 0 )( 5 1 )( 5 2 )( 5 3 )( 5 4 )( 5 6 )( 5 7 )( 5 8 )( 5 9 )( 6 1 )( 6 3 )( 6 4 )( 6 5 )( 6 6 )( 6 7 )( 6 8 )( 6 9 )( 7 0 )( 7 1 )( 7 3 )( 7 4 )( 7 5 )( 7 6 )( 7 7 )( 7 9 )( 8 0 )( 8 1 )( 8 2 )( 8 3 )( 8 4 )( 8 5 )( 8 6 )( 8 7 )( 8 8 )( 8 9 )( 9 0 )( 9 1 )( 9 2 )( 9 3 )( 9 5 )( 9 6 )( 9 7 )( 9 8 )( 9 9 )

id: 192 semantics: supports size: 85 arity:2 scope = {[19, 22]
( 0 0 )( 0 1 )( 0 2 )( 0 3 )( 0 4 )( 0 5 )( 0 6 )( 0 8 )( 0 9 )( 1 0 )( 1 1 )( 1 2 )( 1 3 )( 1 4 )( 1 5 )( 1 6 )( 1 7 )( 1 8 )( 1 9 )( 2 0 )( 2 1 )( 2 2 )( 2 3 )( 2 4 )( 2 6 )( 2 7 )( 2 8 )( 2 9 )( 3 0 )( 3 1 )( 3 2 )( 3 3 )( 3 5 )( 3 7 )( 3 8 )( 3 9 )( 4 0 )( 4 1 )( 4 2 )( 4 3 )( 4 4 )( 4 6 )( 4 7 )( 4 8 )( 4 9 )( 5 0 )( 5 1 )( 5 3 )( 5 4 )( 5 5 )( 5 7 )( 5 8 )( 5 9 )( 6 0 )( 6 4 )( 6 5 )( 6 6 )( 6 7 )( 6 9 )( 7 0 )( 7 1 )( 7 2 )( 7 3 )( 7 4 )( 7 5 )( 7 7 )( 7 8 )( 7 9 )( 8 0 )( 8 1 )( 8 2 )( 8 3 )( 8 4 )( 8 5 )( 8 7 )( 8 8 )( 9 0 )( 9 2 )( 9 3 )( 9 4 )( 9 5 )( 9 6 )( 9 7 )( 9 8 )( 9 9 )

id: 193 semantics: supports size: 85 arity:2 scope = {[19, 24]
( 0 1 )( 0 2 )( 0 3 )( 0 4 )( 0 5 )( 0 6 )( 0 7 )( 0 8 )( 0 9 )( 1 0 )( 1 1 )( 1 2 )( 1 4 )( 1 5 )( 1 6 )( 1 7 )( 1 8 )( 1 9 )( 2 0 )( 2 1 )( 2 2 )( 2 3 )( 2 4 )( 2 5 )( 2 6 )( 2 7 )( 2 8 )( 2 9 )( 3 0 )( 3 2 )( 3 3 )( 3 4 )( 3 5 )( 3 7 )( 3 8 )( 4 0 )( 4 1 )( 4 2 )( 4 3 )( 4 4 )( 4 5 )( 4 6 )( 4 7 )( 4 8 )( 4 9 )( 5 1 )( 5 2 )( 5 3 )( 5 4 )( 5 5 )( 5 6 )( 5 7 )( 5 8 )( 5 9 )( 6 0 )( 6 1 )( 6 2 )( 6 4 )( 6 5 )( 6 6 )( 7 0 )( 7 3 )( 7 5 )( 7 6 )( 7 7 )( 7 8 )( 7 9 )( 8 1 )( 8 2 )( 8 4 )( 8 5 )( 8 6 )( 8 7 )( 8 8 )( 8 9 )( 9 0 )( 9 1 )( 9 2 )( 9 3 )( 9 4 )( 9 5 )( 9 6 )( 9 7 )( 9 8 )( 9 9 )

id: 194 semantics: supports size: 85 arity:2 scope = {[20, 22]
( 0 0 )( 0 1 )( 0 2 )( 0 3 )( 0 5 )( 0 6 )( 0 7 )( 0 8 )( 0 9 )( 1 0 )( 1 1 )( 1 2 )( 1 3 )( 1 5 )( 1 6 )( 1 7 )( 1 8 )( 1 9 )( 2 0 )( 2 1 )( 2 2 )( 2 3 )( 2 4 )( 2 6 )( 2 7 )( 2 9 )( 3 0 )( 3 1 )( 3 2 )( 3 3 )( 3 4 )( 3 5 )( 3 6 )( 3 8 )( 4 0 )( 4 1 )( 4 2 )( 4 3 )( 4 5 )( 4 7 )( 4 8 )( 4 9 )( 5 0 )( 5 1 )( 5 2 )( 5 3 )( 5 4 )( 5 5 )( 5 6 )( 5 7 )( 5 9 )( 6 0 )( 6 1 )( 6 2 )( 6 4 )( 6 5 )( 6 6 )( 6 7 )( 6 8 )( 6 9 )( 7 0 )( 7 1 )( 7 2 )( 7 3 )( 7 4 )( 7 5 )( 7 6 )( 7 7 )( 7 8 )( 7 9 )( 8 2 )( 8 3 )( 8 4 )( 8 5 )( 8 6 )( 8 7 )( 8 8 )( 8 9 )( 9 0 )( 9 1 )( 9 3 )( 9 4 )( 9 5 )( 9 6 )( 9 8 )

id: 195 semantics: supports size: 85 arity:2 scope = {[20, 23]
( 0 1 )( 0 2 )( 0 3 )( 0 4 )( 0 5 )( 0 6 )( 0 7 )( 0 8 )( 0 9 )( 1 0 )( 1 2 )( 1 4 )( 1 5 )( 1 6 )( 1 7 )( 1 8 )( 1 9 )( 2 0 )( 2 1 )( 2 2 )( 2 3 )( 2 4 )( 2 5 )( 2 6 )( 2 7 )( 2 8 )( 2 9 )( 3 0 )( 3 1 )( 3 3 )( 3 4 )( 3 5 )( 3 6 )( 3 7 )( 3 8 )( 4 0 )( 4 1 )( 4 2 )( 4 3 )( 4 4 )( 4 8 )( 4 9 )( 5 0 )( 5 1 )( 5 2 )( 5 3 )( 5 4 )( 5 5 )( 5 6 )( 5 7 )( 5 8 )( 6 0 )( 6 1 )( 6 2 )( 6 3 )( 6 5 )( 6 6 )( 7 0 )( 7 1 )( 7 3 )( 7 4 )( 7 6 )( 7 7 )( 7 8 )( 7 9 )( 8 0 )( 8 1 )( 8 2 )( 8 3 )( 8 4 )( 8 5 )( 8 6 )( 8 7 )( 8 8 )( 8 9 )( 9 0 )( 9 1 )( 9 2 )( 9 3 )( 9 4 )( 9 5 )( 9 6 )( 9 7 )( 9 8 )( 9 9 )

id: 196 semantics: supports size: 85 arity:2 scope = {[20, 24]
( 0 0 )( 0 1 )( 0 2 )( 0 4 )( 0 5 )( 0 6 )( 0 7 )( 0 8 )( 0 9 )( 1 0 )( 1 1 )( 1 2 )( 1 4 )( 1 5 )( 1 6 )( 1 7 )( 1 8 )( 1 9 )( 2 0 )( 2 1 )( 2 3 )( 2 4 )( 2 5 )( 2 6 )( 2 8 )( 2 9 )( 3 0 )( 3 1 )( 3 2 )( 3 3 )( 3 4 )( 3 5 )( 3 6 )( 3 7 )( 3 8 )( 3 9 )( 4 1 )( 4 2 )( 4 3 )( 4 4 )( 4 5 )( 4 6 )( 4 7 )( 4 8 )( 5 0 )( 5 1 )( 5 3 )( 5 4 )( 5 6 )( 5 7 )( 5 8 )( 5 9 )( 6 0 )( 6 1 )( 6 3 )( 6 4 )( 6 5 )( 6 6 )( 6 8 )( 6 9 )( 7 0 )( 7 1 )( 7 2 )( 7 3 )( 7 4 )( 7 5 )( 7 6 )( 7 7 )( 7 8 )( 8 0 )( 8 2 )( 8 3 )( 8 4 )( 8 6 )( 8 7 )( 8 8 )( 8 9 )( 9 0 )( 9 1 )( 9 2 )( 9 4 )( 9 6 )( 9 7 )( 9 8 )( 9 9 )

id: 197 semantics: supports size: 85 arity:2 scope = {[21, 23]
( 0 0 )( 0 1 )( 0 2 )( 0 3 )( 0 4 )( 0 5 )( 0 7 )( 0 8 )( 0 9 )( 1 0 )( 1 1 )( 1 2 )( 1 4 )( 1 5 )( 1 6 )( 1 8 )( 1 9 )( 2 1 )( 2 3 )( 2 4 )( 2 5 )( 2 6 )( 2 7 )( 2 8 )( 2 9 )( 3 0 )( 3 3 )( 3 4 )( 3 5 )( 3 6 )( 3 7 )( 3 9 )( 4 0 )( 4 2 )( 4 4 )( 4 6 )( 4 7 )( 4 9 )( 5 0 )( 5 1 )( 5 2 )( 5 3 )( 5 4 )( 5 5 )( 5 6 )( 5 7 )( 5 8 )( 5 9 )( 6 0 )( 6 1 )( 6 2 )( 6 3 )( 6 4 )( 6 5 )( 6 6 )( 6 8 )( 6 9 )( 7 0 )( 7 1 )( 7 2 )( 7 3 )( 7 4 )( 7 5 )( 7 6 )( 7 7 )( 7 8 )( 7 9 )( 8 0 )( 8 1 )( 8 2 )( 8 3 )( 8 4 )( 8 5 )( 8 6 )( 8 7 )( 8 8 )( 8 9 )( 9 0 )( 9 2 )( 9 4 )( 9 5 )( 9 6 )( 9 7 )( 9 8 )( 9 9 )

id: 198 semantics: supports size: 85 arity:2 scope = {[22, 24]
( 0 1 )( 0 2 )( 0 3 )( 0 5 )( 0 6 )( 0 7 )( 0 8 )( 0 9 )( 1 0 )( 1 1 )( 1 2 )( 1 3 )( 1 4 )( 1 5 )( 1 6 )( 1 7 )( 1 8 )( 1 9 )( 2 0 )( 2 1 )( 2 2 )( 2 4 )( 2 5 )( 2 6 )( 2 7 )( 2 8 )( 2 9 )( 3 1 )( 3 2 )( 3 3 )( 3 4 )( 3 5 )( 3 6 )( 3 7 )( 3 8 )( 3 9 )( 4 1 )( 4 2 )( 4 3 )( 4 4 )( 4 5 )( 4 6 )( 4 8 )( 4 9 )( 5 0 )( 5 1 )( 5 2 )( 5 3 )( 5 5 )( 5 6 )( 5 8 )( 5 9 )( 6 0 )( 6 1 )( 6 2 )( 6 3 )( 6 4 )( 6 6 )( 6 7 )( 6 8 )( 6 9 )( 7 0 )( 7 3 )( 7 5 )( 7 6 )( 7 7 )( 7 8 )( 7 9 )( 8 0 )( 8 1 )( 8 2 )( 8 3 )( 8 5 )( 8 6 )( 8 7 )( 8 9 )( 9 0 )( 9 1 )( 9 2 )( 9 3 )( 9 5 )( 9 6 )( 9 7 )( 9 8 )( 9 9 )

id: 199 semantics: supports size: 85 arity:2 scope = {[23, 24]
( 0 0 )( 0 1 )( 0 2 )( 0 3 )( 0 5 )( 0 6 )( 0 7 )( 0 8 )( 0 9 )( 1 0 )( 1 1 )( 1 3 )( 1 4 )( 1 5 )( 1 6 )( 1 7 )( 1 8 )( 1 9 )( 2 0 )( 2 1 )( 2 2 )( 2 3 )( 2 4 )( 2 5 )( 2 6 )( 2 7 )( 2 8 )( 2 9 )( 3 0 )( 3 1 )( 3 2 )( 3 3 )( 3 4 )( 3 7 )( 3 8 )( 4 0 )( 4 1 )( 4 2 )( 4 3 )( 4 4 )( 4 5 )( 4 6 )( 4 7 )( 4 8 )( 4 9 )( 5 3 )( 5 4 )( 5 5 )( 5 7 )( 5 8 )( 5 9 )( 6 0 )( 6 1 )( 6 2 )( 6 3 )( 6 4 )( 6 5 )( 6 6 )( 6 7 )( 6 9 )( 7 0 )( 7 1 )( 7 2 )( 7 4 )( 7 5 )( 7 6 )( 7 7 )( 7 8 )( 7 9 )( 8 1 )( 8 2 )( 8 3 )( 8 4 )( 8 5 )( 8 8 )( 8 9 )( 9 0 )( 9 1 )( 9 2 )( 9 3 )( 9 4 )( 9 5 )( 9 6 )( 9 7 )( 9 9 )

id: 200 semantics: supports size: 35 arity:2 scope = {[25, 26]
( 0 4 )( 0 8 )( 1 3 )( 1 4 )( 1 5 )( 1 6 )( 1 8 )( 1 9 )( 2 1 )( 2 2 )( 2 3 )( 2 4 )( 2 7 )( 2 8 )( 3 2 )( 3 3 )( 3 7 )( 4 0 )( 4 1 )( 4 9 )( 5 0 )( 5 3 )( 5 6 )( 6 5 )( 6 6 )( 6 7 )( 6 8 )( 6 9 )( 7 7 )( 7 8 )( 8 5 )( 8 7 )( 8 8 )( 9 0 )( 9 6 )

id: 201 semantics: supports size: 35 arity:2 scope = {[25, 27]
( 0 2 )( 0 3 )( 0 4 )( 1 0 )( 1 2 )( 1 7 )( 2 0 )( 2 1 )( 2 3 )( 2 4 )( 2 6 )( 3 1 )( 3 2 )( 3 3 )( 3 5 )( 4 2 )( 4 8 )( 5 5 )( 5 6 )( 5 8 )( 6 0 )( 6 4 )( 6 6 )( 6 7 )( 6 8 )( 7 0 )( 8 2 )( 8 4 )( 8 7 )( 8 9 )( 9 0 )( 9 1 )( 9 4 )( 9 7 )( 9 8 )

id: 202 semantics: supports size: 35 arity:2 scope = {[25, 29]
( 0 0 )( 0 3 )( 0 7 )( 1 0 )( 1 1 )( 1 5 )( 1 8 )( 2 0 )( 2 1 )( 2 2 )( 2 5 )( 2 9 )( 3 2 )( 3 4 )( 3 5 )( 4 0 )( 4 1 )( 4 2 )( 4 4 )( 4 9 )( 5 4 )( 5 7 )( 5 9 )( 6 1 )( 6 5 )( 6 6 )( 6 8 )( 6 9 )( 7 4 )( 7 9 )( 8 5 )( 8 8 )( 9 4 )( 9 8 )( 9 9 )

id: 203 semantics: supports size: 35 arity:2 scope = {[25, 30]
( 0 0 )( 0 3 )( 0 5 )( 0 6 )( 0 8 )( 1 2 )( 1 3 )( 1 4 )( 1 6 )( 1 7 )( 1 8 )( 2 0 )( 2 2 )( 2 4 )( 2 5 )( 2 7 )( 2 9 )( 3 1 )( 3 5 )( 3 7 )( 4 3 )( 4 6 )( 4 8 )( 4 9 )( 5 0 )( 6 8 )( 7 1 )( 7 2 )( 7 5 )( 7 7 )( 8 0 )( 8 4 )( 8 5 )( 8 7 )( 9 6 )

id: 204 semantics: supports size: 35 arity:2 scope = {[25, 31]
( 0 2 )( 0 5 )( 1 5 )( 1 9 )( 2 1 )( 2 2 )( 2 5 )( 2 8 )( 3 6 )( 3 8 )( 4 1 )( 4 2 )( 4 5 )( 4 8 )( 5 5 )( 5 6 )( 5 7 )( 6 2 )( 7 0 )( 7 1 )( 7 2 )( 7 5 )( 7 7 )( 7 8 )( 8 1 )( 8 2 )( 8 4 )( 8 5 )( 8 6 )( 8 9 )( 9 0 )( 9 1 )( 9 2 )( 9 6 )( 9 7 )

id: 205 semantics: supports size: 35 arity:2 scope = {[25, 32]
( 0 1 )( 0 2 )( 0 4 )( 1 4 )( 1 5 )( 1 6 )( 1 7 )( 1 9 )( 2 2 )( 2 3 )( 2 5 )( 2 6 )( 2 8 )( 3 7 )( 3 9 )( 4 0 )( 4 6 )( 5 0 )( 5 1 )( 5 2 )( 5 4 )( 5 7 )( 5 9 )( 6 4 )( 6 7 )( 6 9 )( 7 1 )( 7 6 )( 7 8 )( 8 1 )( 8 5 )( 8 8 )( 9 3 )( 9 4 )( 9 9 )

id: 206 semantics: supports size: 35 arity:2 scope = {[26, 28]
( 0 2 )( 0 3 )( 0 5 )( 0 7 )( 0 8 )( 1 5 )( 1 6 )( 1 8 )( 1 9 )( 2 4 )( 2 5 )( 2 7 )( 2 8 )( 3 1 )( 3 4 )( 3 6 )( 4 6 )( 4 7 )( 4 9 )( 5 6 )( 5 8 )( 6 0 )( 6 3 )( 6 5 )( 6 6 )( 6 7 )( 6 9 )( 7 1 )( 7 4 )( 7 7 )( 8 1 )( 8 2 )( 8 6 )( 8 7 )( 9 6 )

id: 207 semantics: supports size: 35 arity:2 scope = {[26, 29]
( 0 6 )( 0 7 )( 1 0 )( 1 2 )( 1 4 )( 1 9 )( 2 3 )( 3 0 )( 3 1 )( 3 3 )( 3 4 )( 3 6 )( 3 8 )( 4 0 )( 4 2 )( 4 6 )( 4 9 )( 5 0 )( 5 3 )( 5 4 )( 5 9 )( 6 6 )( 6 7 )( 7 0 )( 7 3 )( 7 4 )( 7 5 )( 8 1 )( 8 3 )( 8 9 )( 9 1 )( 9 4 )( 9 6 )( 9 7 )( 9 9 )

id: 208 semantics: supports size: 35 arity:2 scope = {[26, 30]
( 0 2 )( 0 3 )( 0 5 )( 0 8 )( 1 0 )( 1 4 )( 1 5 )( 1 9 )( 2 1 )( 2 3 )( 2 5 )( 2 6 )( 2 9 )( 3 0 )( 3 5 )( 4 2 )( 4 4 )( 4 6 )( 4 9 )( 5 1 )( 5 4 )( 5 5 )( 5 7 )( 6 0 )( 6 3 )( 6 4 )( 6 7 )( 6 8 )( 7 6 )( 8 4 )( 8 7 )( 8 8 )( 9 2 )( 9 4 )( 9 5 )

id: 209 semantics: supports size: 35 arity:2 scope = {[26, 32]
( 0 2 )( 0 3 )( 0 6 )( 0 8 )( 1 0 )( 1 3 )( 1 6 )( 1 9 )( 2 1 )( 2 2 )( 2 3 )( 2 5 )( 2 6 )( 2 7 )( 2 8 )( 2 9 )( 3 0 )( 3 3 )( 3 4 )( 4 0 )( 4 2 )( 4 6 )( 5 2 )( 5 9 )( 6 3 )( 6 4 )( 6 5 )( 6 6 )( 7 1 )( 7 8 )( 8 9 )( 9 0 )( 9 1 )( 9 2 )( 9 7 )

id: 210 semantics: supports size: 35 arity:2 scope = {[27, 28]
( 0 0 )( 0 4 )( 1 5 )( 1 8 )( 2 1 )( 2 7 )( 2 8 )( 3 0 )( 3 4 )( 3 5 )( 3 7 )( 3 8 )( 3 9 )( 4 0 )( 4 1 )( 4 2 )( 4 3 )( 4 4 )( 4 5 )( 4 7 )( 5 8 )( 6 1 )( 6 3 )( 6 6 )( 7 1 )( 7 3 )( 7 5 )( 7 7 )( 7 9 )( 8 2 )( 8 4 )( 8 7 )( 8 8 )( 9 8 )( 9 9 )

id: 211 semantics: supports size: 35 arity:2 scope = {[27, 29]
( 0 3 )( 0 8 )( 1 2 )( 1 5 )( 1 6 )( 1 7 )( 1 9 )( 2 0 )( 2 7 )( 3 4 )( 3 6 )( 3 8 )( 4 2 )( 4 3 )( 4 4 )( 4 5 )( 4 6 )( 4 8 )( 5 1 )( 5 3 )( 5 5 )( 5 6 )( 5 7 )( 6 0 )( 6 1 )( 6 7 )( 6 8 )( 7 3 )( 7 7 )( 7 8 )( 8 3 )( 8 5 )( 9 1 )( 9 3 )( 9 8 )

id: 212 semantics: supports size: 35 arity:2 scope = {[27, 30]
( 0 3 )( 0 7 )( 1 1 )( 1 2 )( 1 3 )( 1 7 )( 2 0 )( 2 8 )( 2 9 )( 3 2 )( 3 4 )( 3 6 )( 4 0 )( 4 2 )( 4 4 )( 5 3 )( 5 4 )( 5 5 )( 5 6 )( 6 6 )( 6 7 )( 7 0 )( 7 1 )( 7 3 )( 7 4 )( 7 5 )( 7 6 )( 7 9 )( 8 1 )( 8 3 )( 8 4 )( 8 7 )( 8 8 )( 9 3 )( 9 4 )

id: 213 semantics: supports size: 35 arity:2 scope = {[27, 31]
( 0 2 )( 0 4 )( 0 7 )( 0 9 )( 1 0 )( 1 1 )( 1 4 )( 1 6 )( 1 9 )( 2 7 )( 2 8 )( 3 1 )( 3 3 )( 3 5 )( 4 1 )( 4 3 )( 4 5 )( 4 8 )( 4 9 )( 5 5 )( 5 9 )( 6 3 )( 6 9 )( 7 2 )( 7 4 )( 7 6 )( 7 8 )( 8 1 )( 8 2 )( 8 5 )( 8 6 )( 9 1 )( 9 4 )( 9 6 )( 9 7 )

id: 214 semantics: supports size: 35 arity:2 scope = {[27, 32]
( 0 2 )( 0 8 )( 1 0 )( 1 2 )( 1 3 )( 1 4 )( 1 5 )( 1 7 )( 1 8 )( 1 9 )( 2 0 )( 2 1 )( 2 3 )( 2 6 )( 2 7 )( 2 9 )( 3 0 )( 3 3 )( 3 4 )( 3 6 )( 3 8 )( 4 8 )( 5 1 )( 5 3 )( 5 6 )( 6 3 )( 6 5 )( 7 5 )( 7 6 )( 7 9 )( 8 3 )( 9 3 )( 9 4 )( 9 7 )( 9 9 )

id: 215 semantics: supports size: 35 arity:2 scope = {[28, 31]
( 0 1 )( 0 3 )( 0 6 )( 0 7 )( 0 8 )( 1 0 )( 1 5 )( 1 6 )( 1 9 )( 2 1 )( 2 3 )( 2 4 )( 2 6 )( 3 2 )( 3 3 )( 3 6 )( 4 1 )( 4 3 )( 4 6 )( 4 8 )( 5 0 )( 5 1 )( 5 4 )( 5 9 )( 6 1 )( 6 8 )( 7 2 )( 7 5 )( 7 9 )( 8 0 )( 8 1 )( 8 8 )( 9 1 )( 9 2 )( 9 4 )

id: 216 semantics: supports size: 35 arity:2 scope = {[28, 32]
( 0 6 )( 1 2 )( 1 3 )( 1 8 )( 1 9 )( 2 2 )( 2 6 )( 3 2 )( 3 4 )( 4 2 )( 4 6 )( 5 0 )( 5 2 )( 5 3 )( 5 4 )( 5 6 )( 5 9 )( 6 0 )( 6 2 )( 6 6 )( 6 7 )( 7 1 )( 7 3 )( 8 3 )( 8 4 )( 8 5 )( 8 8 )( 8 9 )( 9 0 )( 9 1 )( 9 2 )( 9 4 )( 9 5 )( 9 6 )( 9 8 )

id: 217 semantics: supports size: 35 arity:2 scope = {[29, 30]
( 0 0 )( 0 3 )( 0 4 )( 0 5 )( 0 6 )( 0 9 )( 1 5 )( 1 8 )( 2 0 )( 2 5 )( 2 6 )( 3 0 )( 4 5 )( 4 6 )( 5 2 )( 5 4 )( 5 5 )( 5 6 )( 5 9 )( 6 0 )( 6 1 )( 6 2 )( 6 7 )( 6 9 )( 7 1 )( 7 2 )( 7 3 )( 7 7 )( 7 9 )( 8 6 )( 8 7 )( 8 8 )( 9 0 )( 9 3 )( 9 8 )

id: 218 semantics: supports size: 35 arity:2 scope = {[29, 31]
( 0 0 )( 1 1 )( 1 4 )( 2 0 )( 2 1 )( 2 2 )( 2 8 )( 3 1 )( 3 3 )( 3 4 )( 3 7 )( 3 8 )( 3 9 )( 4 3 )( 4 5 )( 4 7 )( 4 8 )( 4 9 )( 5 0 )( 5 1 )( 5 4 )( 5 5 )( 5 7 )( 5 9 )( 6 3 )( 6 7 )( 7 1 )( 7 3 )( 7 7 )( 7 8 )( 8 7 )( 8 9 )( 9 3 )( 9 5 )( 9 8 )

id: 219 semantics: supports size: 35 arity:2 scope = {[29, 32]
( 0 0 )( 0 6 )( 0 8 )( 1 2 )( 1 3 )( 1 4 )( 1 6 )( 2 2 )( 2 4 )( 2 6 )( 2 7 )( 2 9 )( 3 0 )( 3 4 )( 3 6 )( 3 8 )( 3 9 )( 4 4 )( 4 7 )( 5 0 )( 5 3 )( 5 4 )( 5 7 )( 6 1 )( 6 2 )( 6 5 )( 7 1 )( 7 4 )( 8 2 )( 8 7 )( 9 0 )( 9 2 )( 9 3 )( 9 6 )( 9 7 )

id: 220 semantics: supports size: 35 arity:2 scope = {[30, 32]
( 0 1 )( 0 2 )( 0 6 )( 0 8 )( 0 9 )( 2 0 )( 2 8 )( 3 2 )( 3 3 )( 3 6 )( 3 7 )( 3 9 )( 4 1 )( 4 4 )( 4 6 )( 5 1 )( 5 5 )( 5 7 )( 5 8 )( 5 9 )( 6 1 )( 6 5 )( 6 7 )( 7 1 )( 7 4 )( 7 5 )( 7 7 )( 7 8 )( 7 9 )( 8 0 )( 8 1 )( 8 2 )( 8 7 )( 8 9 )( 9 5 )

id: 221 semantics: supports size: 35 arity:2 scope = {[31, 32]
( 0 0 )( 0 4 )( 0 5 )( 1 1 )( 1 2 )( 1 7 )( 1 8 )( 2 3 )( 2 4 )( 2 7 )( 2 9 )( 3 2 )( 3 3 )( 3 5 )( 3 7 )( 3 8 )( 4 1 )( 4 2 )( 4 3 )( 5 1 )( 5 4 )( 5 5 )( 5 6 )( 5 8 )( 6 1 )( 6 8 )( 6 9 )( 7 4 )( 7 5 )( 7 9 )( 8 2 )( 8 4 )( 8 5 )( 8 6 )( 9 6 )

id: 222 semantics: supports size: 95 arity:2 scope = {[20, 26]
( 0 0 )( 0 1 )( 0 2 )( 0 3 )( 0 4 )( 0 5 )( 0 6 )( 0 7 )( 0 8 )( 0 9 )( 1 0 )( 1 1 )( 1 2 )( 1 3 )( 1 4 )( 1 5 )( 1 6 )( 1 7 )( 1 8 )( 1 9 )( 2 0 )( 2 2 )( 2 3 )( 2 4 )( 2 5 )( 2 6 )( 2 7 )( 2 8 )( 2 9 )( 3 0 )( 3 1 )( 3 2 )( 3 3 )( 3 4 )( 3 6 )( 3 7 )( 3 8 )( 3 9 )( 4 0 )( 4 1 )( 4 2 )( 4 3 )( 4 4 )( 4 6 )( 4 7 )( 4 8 )( 4 9 )( 5 0 )( 5 1 )( 5 2 )( 5 3 )( 5 4 )( 5 5 )( 5 6 )( 5 7 )( 5 8 )( 5 9 )( 6 0 )( 6 1 )( 6 2 )( 6 3 )( 6 4 )( 6 5 )( 6 7 )( 6 8 )( 6 9 )( 7 0 )( 7 1 )( 7 2 )( 7 3 )( 7 4 )( 7 5 )( 7 6 )( 7 8 )( 7 9 )( 8 0 )( 8 1 )( 8 2 )( 8 3 )( 8 4 )( 8 5 )( 8 6 )( 8 7 )( 8 8 )( 8 9 )( 9 0 )( 9 1 )( 9 2 )( 9 3 )( 9 4 )( 9 5 )( 9 6 )( 9 7 )( 9 8 )( 9 9 )

id: 223 semantics: supports size: 95 arity:2 scope = {[1, 32]
( 0 1 )( 0 2 )( 0 3 )( 0 4 )( 0 5 )( 0 6 )( 0 7 )( 0 8 )( 0 9 )( 1 1 )( 1 2 )( 1 3 )( 1 4 )( 1 5 )( 1 6 )( 1 7 )( 1 8 )( 1 9 )( 2 0 )( 2 1 )( 2 2 )( 2 3 )( 2 4 )( 2 5 )( 2 6 )( 2 7 )( 2 8 )( 2 9 )( 3 0 )( 3 1 )( 3 2 )( 3 3 )( 3 4 )( 3 5 )( 3 6 )( 3 7 )( 3 8 )( 3 9 )( 4 0 )( 4 1 )( 4 2 )( 4 3 )( 4 4 )( 4 5 )( 4 6 )( 4 7 )( 4 8 )( 4 9 )( 5 0 )( 5 2 )( 5 3 )( 5 4 )( 5 5 )( 5 6 )( 5 7 )( 5 8 )( 6 0 )( 6 1 )( 6 2 )( 6 3 )( 6 4 )( 6 5 )( 6 6 )( 6 7 )( 6 8 )( 6 9 )( 7 0 )( 7 1 )( 7 2 )( 7 3 )( 7 4 )( 7 5 )( 7 6 )( 7 7 )( 7 8 )( 7 9 )( 8 1 )( 8 2 )( 8 3 )( 8 4 )( 8 5 )( 8 6 )( 8 7 )( 8 8 )( 8 9 )( 9 0 )( 9 1 )( 9 2 )( 9 3 )( 9 4 )( 9 5 )( 9 6 )( 9 7 )( 9 8 )( 9 9 )

id = 0: 0 1 2 3 4 5 6 7 8 9 [0]
id = 1: 0 1 2 3 4 5 6 7 8 9 [0]
id = 2: 0 1 2 3 4 5 6 7 8 9 [0]
id = 3: 0 1 2 3 4 5 6 7 8 9 [0]
id = 4: 0 1 2 3 4 5 6 7 8 9 [0]
id = 5: 0 1 2 3 4 5 6 7 8 9 [0]
id = 6: 0 1 2 3 4 5 6 7 8 9 [0]
id = 7: 0 1 2 3 4 5 6 7 8 9 [0]
id = 8: 0 1 2 3 4 5 6 7 8 9 [0]
id = 9: 0 1 2 3 4 5 6 7 8 9 [0]
id = 10: 0 1 2 3 4 5 6 7 8 9 [0]
id = 11: 0 1 2 3 4 5 6 7 8 9 [0]
id = 12: 0 1 2 3 4 5 6 7 8 9 [0]
id = 13: 0 1 2 3 4 5 6 7 8 9 [0]
id = 14: 0 1 2 3 4 5 6 7 8 9 [0]
id = 15: 0 1 2 3 4 5 6 7 8 9 [0]
id = 16: 0 1 2 3 4 5 6 7 8 9 [0]
id = 17: 0 1 2 3 4 5 6 7 8 9 [0]
id = 18: 0 1 2 3 4 5 6 7 8 9 [0]
id = 19: 0 1 2 3 4 5 6 7 8 9 [0]
id = 20: 0 1 2 3 4 5 6 7 8 9 [0]
id = 21: 0 1 2 3 4 5 6 7 8 9 [0]
id = 22: 0 1 2 3 4 5 6 7 8 9 [0]
id = 23: 0 1 2 3 4 5 6 7 8 9 [0]
id = 24: 0 1 2 3 4 5 6 7 8 9 [0]
id = 25: 0 1 2 3 4 5 6 7 8 9 [0]
id = 26: 0 1 2 3 4 5 6 7 8 9 [0]
id = 27: 0 1 2 3 4 5 6 7 8 9 [0]
id = 28: 0 1 2 3 4 5 6 7 8 9 [0]
id = 29: 0 1 2 3 4 5 6 7 8 9 [0]
id = 30: 0 1 2 3 4 5 6 7 8 9 [0]
id = 31: 0 1 2 3 4 5 6 7 8 9 [0]
id = 32: 0 1 2 3 4 5 6 7 8 9 [0]
remove: (31, 3)
remove: (31, 6)
remove: (30, 1)
id = 0: 0 1 2 3 4 5 6 7 8 9 [0]
id = 1: 0 1 2 3 4 5 6 7 8 9 [0]
id = 2: 0 1 2 3 4 5 6 7 8 9 [0]
id = 3: 0 1 2 3 4 5 6 7 8 9 [0]
id = 4: 0 1 2 3 4 5 6 7 8 9 [0]
id = 5: 0 1 2 3 4 5 6 7 8 9 [0]
id = 6: 0 1 2 3 4 5 6 7 8 9 [0]
id = 7: 0 1 2 3 4 5 6 7 8 9 [0]
id = 8: 0 1 2 3 4 5 6 7 8 9 [0]
id = 9: 0 1 2 3 4 5 6 7 8 9 [0]
id = 10: 0 1 2 3 4 5 6 7 8 9 [0]
id = 11: 0 1 2 3 4 5 6 7 8 9 [0]
id = 12: 0 1 2 3 4 5 6 7 8 9 [0]
id = 13: 0 1 2 3 4 5 6 7 8 9 [0]
id = 14: 0 1 2 3 4 5 6 7 8 9 [0]
id = 15: 0 1 2 3 4 5 6 7 8 9 [0]
id = 16: 0 1 2 3 4 5 6 7 8 9 [0]
id = 17: 0 1 2 3 4 5 6 7 8 9 [0]
id = 18: 0 1 2 3 4 5 6 7 8 9 [0]
id = 19: 0 1 2 3 4 5 6 7 8 9 [0]
id = 20: 0 1 2 3 4 5 6 7 8 9 [0]
id = 21: 0 1 2 3 4 5 6 7 8 9 [0]
id = 22: 0 1 2 3 4 5 6 7 8 9 [0]
id = 23: 0 1 2 3 4 5 6 7 8 9 [0]
id = 24: 0 1 2 3 4 5 6 7 8 9 [0]
id = 25: 0 1 2 3 4 5 6 7 8 9 [0]
id = 26: 0 1 2 3 4 5 6 7 8 9 [0]
id = 27: 0 1 2 3 4 5 6 7 8 9 [0]
id = 28: 0 1 2 3 4 5 6 7 8 9 [0]
id = 29: 0 1 2 3 4 5 6 7 8 9 [0]
id = 30: 0 2 3 4 5 6 7 8 9 [0]
id = 31: 0 1 2 4 5 7 8 9 [0]
id = 32: 0 1 2 3 4 5 6 7 8 9 [0]

进程已结束，退出代码为 0
